pdb,n_sph,lig_cov,cen_to_lig_A
1G9V,25628,1.0,1.57
1GM8,18206,1.0,1.67
1GPK,15191,1.0,1.93
1HNN,7797,1.0,1.96
1HP0,8254,1.0,1.53
1HQ2,11055,1.0,1.18
1IA1,20703,1.0,2.67
1IGJ,9003,0.811,2.58
1J3J,19728,1.0,2.3
1JD0,11758,1.0,2.37
1JJE,5505,1.0,1.17
1K3U,8802,1.0,1.44
1KE5,11497,1.0,2.06
1KZK,56780,1.0,0.55
1L2S,11582,1.0,1.19
1L7F,13644,1.0,1.15
1LPZ,5734,1.0,0.94
1M2Z,17033,1.0,0.26
1MEH,23341,1.0,1.22
1MQ6,5542,1.0,2.09
1N1M,10293,1.0,2.52
1N2J,16269,1.0,3.2
1N2V,10772,1.0,2.37
1N46,11732,1.0,0.89
1NAV,11864,1.0,0.57
1OF1,10011,1.0,0.67
1OF6,4562,1.0,0.66
1OPK,10896,1.0,0.76
1OQ5,12094,1.0,1.05
1OWE,8301,1.0,0.76
1P2Y,10860,1.0,1.03
1P62,8804,1.0,1.79
1PMN,14167,1.0,0.94
1Q1G,14941,1.0,1.66
1Q41,12265,1.0,2.65
1Q4G,10687,1.0,1.17
1R1H,11018,1.0,0.47
1R55,3101,1.0,1.62
1R58,15149,1.0,0.57
1R9O,19548,1.0,2.09
1S19,21683,1.0,0.75
1S3V,17611,1.0,1.64
1SG0,25107,1.0,2.28
1SJ0,14127,1.0,1.16
1SQ5,16606,1.0,1.39
1T40,11454,1.0,1.96
1T46,12300,1.0,0.74
1T9B,20785,1.0,0.7
1TT1,12046,1.0,2.46
1TW6,11,0.0,7.75
1TZ8,11493,1.0,2.09
1U1C,14792,1.0,2.64
1U4D,12580,1.0,1.43
1UML,17998,1.0,0.45
1UNL,11400,1.0,1.3
1UOU,10577,1.0,1.73
1V0P,11119,1.0,1.3
1V48,4082,1.0,0.64
1V4S,7621,1.0,1.12
1VCJ,13813,1.0,1.32
1W1P,15324,1.0,3.58
1W2G,10077,1.0,2.01
1X8X,10576,1.0,3.57
1XM6,17057,1.0,2.74
1XOZ,18599,1.0,1.96
1Y6B,11163,1.0,1.52
1Y6R,8169,1.0,1.16
1YGC,7182,1.0,0.49
1YQY,14627,1.0,2.13
1YV3,11523,1.0,1.74
1YVF,22536,1.0,2.27
1YWR,19676,1.0,1.25
1Z95,13829,1.0,0.78
2BM2,8480,1.0,1.51
2BR1,13779,1.0,2.52
2BSM,10120,1.0,0.79
2BYS,10519,1.0,1.14
2C3I,14549,1.0,1.53
2CET,18634,1.0,3.11
2CGR,7029,1.0,1.13
2D3U,6964,1.0,1.18
2GBP,5364,1.0,0.7
2HB1,3948,1.0,1.75
2HR7,12977,1.0,1.09
2J62,15000,1.0,2.1
