pdb,n_poses,min_rmsd,success,engine,near
1G9V,100,1.5460756385119068,True,spyrmsd,/Users/lp.more/Projects/FlexAIDdS/benchmarks/astex_repro/full/1G9V/r6/1G9V_4.pdb
1GM8,100,2.337075112899312,False,spyrmsd,/Users/lp.more/Projects/FlexAIDdS/benchmarks/astex_repro/full/1GM8/r6/1GM8_1.pdb
1GPK,100,4.685437297271906,False,spyrmsd,/Users/lp.more/Projects/FlexAIDdS/benchmarks/astex_repro/full/1GPK/r4/1GPK_3.pdb
1HNN,100,2.8470761317534166,False,spyrmsd,/Users/lp.more/Projects/FlexAIDdS/benchmarks/astex_repro/full/1HNN/1HNN_9.pdb
1HP0,100,2.221030237477526,False,spyrmsd,/Users/lp.more/Projects/FlexAIDdS/benchmarks/astex_repro/full/1HP0/r2/1HP0_8.pdb
1HQ2,100,5.592480400703973,False,spyrmsd,/Users/lp.more/Projects/FlexAIDdS/benchmarks/astex_repro/full/1HQ2/r8/1HQ2_6.pdb
1IA1,100,2.457222479912935,False,spyrmsd,/Users/lp.more/Projects/FlexAIDdS/benchmarks/astex_repro/full/1IA1/1IA1_6.pdb
1IGJ,100,6.168731879406009,False,spyrmsd,/Users/lp.more/Projects/FlexAIDdS/benchmarks/astex_repro/full/1IGJ/r4/1IGJ_3.pdb
1J3J,100,3.2258976315766374,False,spyrmsd,/Users/lp.more/Projects/FlexAIDdS/benchmarks/astex_repro/full/1J3J/r1/1J3J_7.pdb
1JD0,100,3.5072685295627903,False,spyrmsd,/Users/lp.more/Projects/FlexAIDdS/benchmarks/astex_repro/full/1JD0/r5/1JD0_8.pdb
1JJE,100,4.223966453465273,False,spyrmsd,/Users/lp.more/Projects/FlexAIDdS/benchmarks/astex_repro/full/1JJE/r9/1JJE_4.pdb
1K3U,100,0.9882588585125714,True,spyrmsd,/Users/lp.more/Projects/FlexAIDdS/benchmarks/astex_repro/full/1K3U/r8/1K3U_1.pdb
1KE5,100,4.128520036968717,False,spyrmsd,/Users/lp.more/Projects/FlexAIDdS/benchmarks/astex_repro/full/1KE5/r3/1KE5_6.pdb
1KZK,100,7.211256148820568,False,spyrmsd,/Users/lp.more/Projects/FlexAIDdS/benchmarks/astex_repro/full/1KZK/r3/1KZK_0.pdb
1L2S,100,3.0269308322388033,False,spyrmsd,/Users/lp.more/Projects/FlexAIDdS/benchmarks/astex_repro/full/1L2S/r9/1L2S_1.pdb
1L7F,100,4.6271238648721695,False,spyrmsd,/Users/lp.more/Projects/FlexAIDdS/benchmarks/astex_repro/full/1L7F/r1/1L7F_0.pdb
1LPZ,90,5.376849431823436,False,spyrmsd,/Users/lp.more/Projects/FlexAIDdS/benchmarks/astex_repro/full/1LPZ/1LPZ_6.pdb
1M2Z,100,5.519231092927968,False,spyrmsd,/Users/lp.more/Projects/FlexAIDdS/benchmarks/astex_repro/full/1M2Z/r1/1M2Z_3.pdb
1MEH,100,3.870625362348076,False,spyrmsd,/Users/lp.more/Projects/FlexAIDdS/benchmarks/astex_repro/full/1MEH/r1/1MEH_9.pdb
1MQ6,100,3.4425282133920123,False,spyrmsd,/Users/lp.more/Projects/FlexAIDdS/benchmarks/astex_repro/full/1MQ6/r8/1MQ6_9.pdb
1N1M,100,2.44953999082821,False,spyrmsd,/Users/lp.more/Projects/FlexAIDdS/benchmarks/astex_repro/full/1N1M/r3/1N1M_4.pdb
1N2J,100,1.7695120796422956,True,spyrmsd,/Users/lp.more/Projects/FlexAIDdS/benchmarks/astex_repro/full/1N2J/r9/1N2J_8.pdb
1N2V,100,3.56007853845951,False,spyrmsd,/Users/lp.more/Projects/FlexAIDdS/benchmarks/astex_repro/full/1N2V/r1/1N2V_9.pdb
1N46,100,2.406071194414786,False,spyrmsd,/Users/lp.more/Projects/FlexAIDdS/benchmarks/astex_repro/full/1N46/r3/1N46_7.pdb
1NAV,100,2.4877980835163904,False,spyrmsd,/Users/lp.more/Projects/FlexAIDdS/benchmarks/astex_repro/full/1NAV/r8/1NAV_3.pdb
1OF1,100,5.957206588102626,False,spyrmsd,/Users/lp.more/Projects/FlexAIDdS/benchmarks/astex_repro/full/1OF1/r2/1OF1_1.pdb
1OF6,100,1.1948199735653784,True,spyrmsd,/Users/lp.more/Projects/FlexAIDdS/benchmarks/astex_repro/full/1OF6/r2/1OF6_0.pdb
1OPK,100,6.6368431813470705,False,spyrmsd,/Users/lp.more/Projects/FlexAIDdS/benchmarks/astex_repro/full/1OPK/r6/1OPK_1.pdb
1OQ5,100,1.728435108147518,True,spyrmsd,/Users/lp.more/Projects/FlexAIDdS/benchmarks/astex_repro/full/1OQ5/r3/1OQ5_1.pdb
1OWE,100,4.167248814483986,False,spyrmsd,/Users/lp.more/Projects/FlexAIDdS/benchmarks/astex_repro/full/1OWE/r9/1OWE_1.pdb
1P2Y,100,3.1934307570385805,False,spyrmsd,/Users/lp.more/Projects/FlexAIDdS/benchmarks/astex_repro/full/1P2Y/r2/1P2Y_3.pdb
1P62,100,1.358138718164598,True,spyrmsd,/Users/lp.more/Projects/FlexAIDdS/benchmarks/astex_repro/full/1P62/r1/1P62_1.pdb
1PMN,100,7.1206878051338425,False,spyrmsd,/Users/lp.more/Projects/FlexAIDdS/benchmarks/astex_repro/full/1PMN/r2/1PMN_4.pdb
1Q1G,100,4.979154180179602,False,spyrmsd,/Users/lp.more/Projects/FlexAIDdS/benchmarks/astex_repro/full/1Q1G/r3/1Q1G_5.pdb
1Q41,100,4.64555500298019,False,spyrmsd,/Users/lp.more/Projects/FlexAIDdS/benchmarks/astex_repro/full/1Q41/r8/1Q41_4.pdb
1Q4G,100,9.80207085263109,False,spyrmsd,/Users/lp.more/Projects/FlexAIDdS/benchmarks/astex_repro/full/1Q4G/r3/1Q4G_9.pdb
1R1H,100,8.918926955328356,False,spyrmsd,/Users/lp.more/Projects/FlexAIDdS/benchmarks/astex_repro/full/1R1H/r7/1R1H_1.pdb
1R55,100,5.2206314210814195,False,spyrmsd,/Users/lp.more/Projects/FlexAIDdS/benchmarks/astex_repro/full/1R55/r1/1R55_1.pdb
1R58,100,3.974709368647901,False,spyrmsd,/Users/lp.more/Projects/FlexAIDdS/benchmarks/astex_repro/full/1R58/r5/1R58_7.pdb
1R9O,100,3.1757396863652976,False,spyrmsd,/Users/lp.more/Projects/FlexAIDdS/benchmarks/astex_repro/full/1R9O/r5/1R9O_3.pdb
1S19,100,7.458401064124491,False,spyrmsd,/Users/lp.more/Projects/FlexAIDdS/benchmarks/astex_repro/full/1S19/r3/1S19_5.pdb
1S3V,100,8.935938790864341,False,spyrmsd,/Users/lp.more/Projects/FlexAIDdS/benchmarks/astex_repro/full/1S3V/r9/1S3V_8.pdb
1SG0,100,3.9917162606931815,False,spyrmsd,/Users/lp.more/Projects/FlexAIDdS/benchmarks/astex_repro/full/1SG0/r6/1SG0_0.pdb
1SJ0,100,3.853838051510822,False,spyrmsd,/Users/lp.more/Projects/FlexAIDdS/benchmarks/astex_repro/full/1SJ0/r6/1SJ0_5.pdb
1SQ5,100,1.6821095485530466,True,spyrmsd,/Users/lp.more/Projects/FlexAIDdS/benchmarks/astex_repro/full/1SQ5/r4/1SQ5_6.pdb
1T40,100,5.8712992934151425,False,spyrmsd,/Users/lp.more/Projects/FlexAIDdS/benchmarks/astex_repro/full/1T40/r9/1T40_5.pdb
1T46,100,7.952386847203019,False,spyrmsd,/Users/lp.more/Projects/FlexAIDdS/benchmarks/astex_repro/full/1T46/r4/1T46_2.pdb
1T9B,100,5.343394438971799,False,spyrmsd,/Users/lp.more/Projects/FlexAIDdS/benchmarks/astex_repro/full/1T9B/r3/1T9B_6.pdb
1TT1,100,1.7484332986991522,True,spyrmsd,/Users/lp.more/Projects/FlexAIDdS/benchmarks/astex_repro/full/1TT1/r1/1TT1_3.pdb
1TW6,100,3.2787576237891636,False,spyrmsd,/Users/lp.more/Projects/FlexAIDdS/benchmarks/astex_repro/full/1TW6/r8/1TW6_4.pdb
1TZ8,100,1.7884346507490843,True,spyrmsd,/Users/lp.more/Projects/FlexAIDdS/benchmarks/astex_repro/full/1TZ8/r1/1TZ8_1.pdb
1U1C,100,1.3103285275075103,True,spyrmsd,/Users/lp.more/Projects/FlexAIDdS/benchmarks/astex_repro/full/1U1C/r3/1U1C_2.pdb
1U4D,100,4.200536328190061,False,spyrmsd,/Users/lp.more/Projects/FlexAIDdS/benchmarks/astex_repro/full/1U4D/r8/1U4D_3.pdb
1UML,100,5.030299927801161,False,spyrmsd,/Users/lp.more/Projects/FlexAIDdS/benchmarks/astex_repro/full/1UML/r6/1UML_4.pdb
1UNL,100,1.6666074938213675,True,spyrmsd,/Users/lp.more/Projects/FlexAIDdS/benchmarks/astex_repro/full/1UNL/r1/1UNL_1.pdb
1UOU,100,2.078728622860618,False,spyrmsd,/Users/lp.more/Projects/FlexAIDdS/benchmarks/astex_repro/full/1UOU/r8/1UOU_5.pdb
1V0P,100,3.5456744304386816,False,spyrmsd,/Users/lp.more/Projects/FlexAIDdS/benchmarks/astex_repro/full/1V0P/r2/1V0P_2.pdb
1V48,100,2.9923935843462113,False,spyrmsd,/Users/lp.more/Projects/FlexAIDdS/benchmarks/astex_repro/full/1V48/r2/1V48_2.pdb
1V4S,100,2.322042410577752,False,spyrmsd,/Users/lp.more/Projects/FlexAIDdS/benchmarks/astex_repro/full/1V4S/r5/1V4S_5.pdb
1VCJ,100,3.569227933321154,False,spyrmsd,/Users/lp.more/Projects/FlexAIDdS/benchmarks/astex_repro/full/1VCJ/r9/1VCJ_8.pdb
1W1P,100,4.965213517335107,False,spyrmsd,/Users/lp.more/Projects/FlexAIDdS/benchmarks/astex_repro/full/1W1P/r3/1W1P_7.pdb
1W2G,100,1.8440731611108636,True,spyrmsd,/Users/lp.more/Projects/FlexAIDdS/benchmarks/astex_repro/full/1W2G/r4/1W2G_2.pdb
1X8X,100,2.5130026324636496,False,spyrmsd,/Users/lp.more/Projects/FlexAIDdS/benchmarks/astex_repro/full/1X8X/r9/1X8X_0.pdb
1XM6,100,3.8892562541604683,False,spyrmsd,/Users/lp.more/Projects/FlexAIDdS/benchmarks/astex_repro/full/1XM6/r2/1XM6_6.pdb
1XOZ,100,8.60083269024094,False,spyrmsd,/Users/lp.more/Projects/FlexAIDdS/benchmarks/astex_repro/full/1XOZ/r7/1XOZ_2.pdb
1Y6B,100,1.633216512428951,True,spyrmsd,/Users/lp.more/Projects/FlexAIDdS/benchmarks/astex_repro/full/1Y6B/r5/1Y6B_1.pdb
1Y6R,100,2.2140576889503136,False,spyrmsd,/Users/lp.more/Projects/FlexAIDdS/benchmarks/astex_repro/full/1Y6R/r5/1Y6R_5.pdb
1YGC,100,3.793976316409169,False,spyrmsd,/Users/lp.more/Projects/FlexAIDdS/benchmarks/astex_repro/full/1YGC/r5/1YGC_5.pdb
1YQY,100,3.2953128768785738,False,spyrmsd,/Users/lp.more/Projects/FlexAIDdS/benchmarks/astex_repro/full/1YQY/r2/1YQY_0.pdb
1YV3,100,0.49855668958231153,True,spyrmsd,/Users/lp.more/Projects/FlexAIDdS/benchmarks/astex_repro/full/1YV3/r7/1YV3_1.pdb
1YVF,100,5.595542885062309,False,spyrmsd,/Users/lp.more/Projects/FlexAIDdS/benchmarks/astex_repro/full/1YVF/r1/1YVF_4.pdb
1YWR,100,6.0867967695895455,False,spyrmsd,/Users/lp.more/Projects/FlexAIDdS/benchmarks/astex_repro/full/1YWR/r2/1YWR_0.pdb
1Z95,100,5.108972664798195,False,spyrmsd,/Users/lp.more/Projects/FlexAIDdS/benchmarks/astex_repro/full/1Z95/r1/1Z95_9.pdb
2BM2,100,7.549198142849344,False,spyrmsd,/Users/lp.more/Projects/FlexAIDdS/benchmarks/astex_repro/full/2BM2/r1/2BM2_4.pdb
2BR1,100,2.858334733420119,False,spyrmsd,/Users/lp.more/Projects/FlexAIDdS/benchmarks/astex_repro/full/2BR1/r9/2BR1_3.pdb
2BSM,100,0.9758042646775852,True,spyrmsd,/Users/lp.more/Projects/FlexAIDdS/benchmarks/astex_repro/full/2BSM/r6/2BSM_1.pdb
2BYS,100,2.258180665934415,False,spyrmsd,/Users/lp.more/Projects/FlexAIDdS/benchmarks/astex_repro/full/2BYS/r4/2BYS_6.pdb
2C3I,100,1.8135794896329716,True,spyrmsd,/Users/lp.more/Projects/FlexAIDdS/benchmarks/astex_repro/full/2C3I/r6/2C3I_3.pdb
2CET,100,1.7684111512880707,True,spyrmsd,/Users/lp.more/Projects/FlexAIDdS/benchmarks/astex_repro/full/2CET/2CET_1.pdb
2CGR,100,4.200440978491794,False,spyrmsd,/Users/lp.more/Projects/FlexAIDdS/benchmarks/astex_repro/full/2CGR/r8/2CGR_0.pdb
2D3U,100,6.501533269302853,False,spyrmsd,/Users/lp.more/Projects/FlexAIDdS/benchmarks/astex_repro/full/2D3U/r9/2D3U_3.pdb
2GBP,48,1.5449200626569641,True,spyrmsd,/Users/lp.more/Projects/FlexAIDdS/benchmarks/astex_repro/full/2GBP/r5/2GBP_2.pdb
2HB1,100,1.6073462157055207,True,spyrmsd,/Users/lp.more/Projects/FlexAIDdS/benchmarks/astex_repro/full/2HB1/r1/2HB1_0.pdb
2HR7,0,,False,no_poses,
