pdb,n_poses,min_rmsd,success,near
1G9V,100,1.588418974955915,True,/Users/lp.more/Projects/FlexAIDdS/benchmarks/astex_repro/full/1G9V/r6/1G9V_4.pdb
1GM8,100,2.1409853066598408,False,/Users/lp.more/Projects/FlexAIDdS/benchmarks/astex_repro/full/1GM8/r6/1GM8_1.pdb
1GPK,100,3.7771364447451754,False,/Users/lp.more/Projects/FlexAIDdS/benchmarks/astex_repro/full/1GPK/r9/1GPK_5.pdb
1HNN,100,2.412442020028668,False,/Users/lp.more/Projects/FlexAIDdS/benchmarks/astex_repro/full/1HNN/1HNN_9.pdb
1HP0,100,1.6001331359082531,True,/Users/lp.more/Projects/FlexAIDdS/benchmarks/astex_repro/full/1HP0/r2/1HP0_7.pdb
1HQ2,100,4.785810835672333,False,/Users/lp.more/Projects/FlexAIDdS/benchmarks/astex_repro/full/1HQ2/r8/1HQ2_6.pdb
1IA1,100,2.3434152764490417,False,/Users/lp.more/Projects/FlexAIDdS/benchmarks/astex_repro/full/1IA1/1IA1_6.pdb
1IGJ,100,5.359905301200557,False,/Users/lp.more/Projects/FlexAIDdS/benchmarks/astex_repro/full/1IGJ/r4/1IGJ_0.pdb
1J3J,100,2.5879900445303554,False,/Users/lp.more/Projects/FlexAIDdS/benchmarks/astex_repro/full/1J3J/r1/1J3J_4.pdb
1JD0,100,3.4138695054146404,False,/Users/lp.more/Projects/FlexAIDdS/benchmarks/astex_repro/full/1JD0/r7/1JD0_3.pdb
1JJE,100,2.5107623463800786,False,/Users/lp.more/Projects/FlexAIDdS/benchmarks/astex_repro/full/1JJE/r8/1JJE_3.pdb
1K3U,100,0.9882588585125714,True,/Users/lp.more/Projects/FlexAIDdS/benchmarks/astex_repro/full/1K3U/r8/1K3U_1.pdb
1KE5,100,2.893729059460339,False,/Users/lp.more/Projects/FlexAIDdS/benchmarks/astex_repro/full/1KE5/r3/1KE5_5.pdb
1KZK,100,5.444971116857704,False,/Users/lp.more/Projects/FlexAIDdS/benchmarks/astex_repro/full/1KZK/r3/1KZK_3.pdb
1L2S,100,2.90541790634778,False,/Users/lp.more/Projects/FlexAIDdS/benchmarks/astex_repro/full/1L2S/r9/1L2S_1.pdb
1L7F,100,3.2749434445830343,False,/Users/lp.more/Projects/FlexAIDdS/benchmarks/astex_repro/full/1L7F/r8/1L7F_4.pdb
1LPZ,90,3.8127031339326694,False,/Users/lp.more/Projects/FlexAIDdS/benchmarks/astex_repro/full/1LPZ/1LPZ_1.pdb
1M2Z,100,2.75376199732857,False,/Users/lp.more/Projects/FlexAIDdS/benchmarks/astex_repro/full/1M2Z/r1/1M2Z_2.pdb
1MEH,0,,False,
