arm	target	current_ceiling_A
A_rigid	1G9V	2.4945
A_rigid	1GM8	3.4881
A_rigid	1JJE	3.9696
A_rigid	1KZK	7.6494
A_rigid	1LPZ	3.4604
A_rigid	1MEH	2.2359
A_rigid	1R1H	2.1804
A_rigid	1R55	5.1484
A_rigid	1S3V	3.0240
A_rigid	1T40	4.7660
A_rigid	1T46	11.9038
A_rigid	1TW6	4.1528
A_rigid	1UML	5.2541
A_rigid	1XM6	5.4928
A_rigid	1YGC	2.3187
A_rigid	1YQY	4.5815
A_rigid	2BYS	2.3895
B_shrink	1G9V	2.8806
B_shrink	1GM8	2.2719
B_shrink	1HNN	2.1616
B_shrink	1HQ2	4.3553
B_shrink	1IA1	2.3272
B_shrink	1IGJ	2.9383
B_shrink	1JJE	2.4731
B_shrink	1K3U	2.6568
B_shrink	1KE5	2.2231
B_shrink	1KZK	5.4706
B_shrink	1L2S	2.5266
B_shrink	1LPZ	2.6753
B_shrink	1MEH	3.2046
B_shrink	1OPK	3.0602
B_shrink	1P62	2.4136
B_shrink	1R1H	3.8015
B_shrink	1R55	4.5246
B_shrink	1S3V	2.9068
B_shrink	1SQ5	2.0205
B_shrink	1T40	2.3618
B_shrink	1T9B	2.8301
B_shrink	1TW6	5.0781
B_shrink	1XM6	3.4360
B_shrink	1XOZ	2.1100
B_shrink	1YGC	2.6567
B_shrink	1YWR	3.1032
B_shrink	1Z95	3.0889
B_shrink	2BYS	2.6524
B_shrink	2D3U	3.8804
B_shrink	2HB1	2.3523
B_shrink	2HR7	2.7299
