# CF scoring-regression gate — panel manifest (5 clean probes active; 1G9V dropped — see below)
# Format (tab-separated, 5 fields):
#   pdb <TAB> receptor.pdb <TAB> native_pose.sdf <TAB> decoy_pose.pdb <TAB> dock_config.json
# Receptor: prepared apo PDB (from astex_diverse/astex_diverse/)
# Native:   crystal ligand SDF (same source) — also used as --ligand topology for PDB decoys
# Decoy:    best-CF non-native pose from diagnostic/refs/ (falsemin_armA = arm-A false-minimum pose)
# Config:   production-equivalent dock_config.json (ops/gates/configs/) so LOCCLF/optres
#           pocket pruning applies; without --config absolute CF is ~200× inflated.
# Commented rows (#) have no archived decoy; populate from next full benchmark run output.
#
# Paths may be absolute or repo-relative (resolved against the repo root by cf_gate_probe_cf.sh).
#
# pdb	receptor.pdb	native_pose.sdf	decoy_pose.pdb	dock_config.json
# 1G9V DROPPED from the scoring gate (2026-07-24): its apo receptor still has 172 un-stripped
#   HEM atoms 11.2A from the ligand (prep bug) -> probe_cf returns non-physical cf_total without
#   proper pocket setup. 1G9V is also a search-dominant chain-control, not a clean scoring probe.
#   The 5 clean probes below (1J3J 1K3U 1L7F 1N1M 1M2Z) are sufficient.
# 1G9V	benchmarks/astex_diverse/astex_diverse/1G9V/1G9V_apo.pdb	benchmarks/astex_diverse/astex_diverse/1G9V/1G9V_ligand.sdf	diagnostic/refs/1G9V/falsemin_armA.pdb	ops/gates/configs/1G9V_dock_config.json
1J3J	benchmarks/astex_diverse/astex_diverse/1J3J/1J3J_apo.pdb	benchmarks/astex_diverse/astex_diverse/1J3J/1J3J_ligand.sdf	diagnostic/refs/1J3J/falsemin_armA.pdb	ops/gates/configs/1J3J_dock_config.json
1K3U	benchmarks/astex_diverse/astex_diverse/1K3U/1K3U_apo.pdb	benchmarks/astex_diverse/astex_diverse/1K3U/1K3U_ligand.sdf	diagnostic/refs/1K3U/falsemin_armA.pdb	ops/gates/configs/1K3U_dock_config.json
1L7F	benchmarks/astex_diverse/astex_diverse/1L7F/1L7F_apo.pdb	benchmarks/astex_diverse/astex_diverse/1L7F/1L7F_ligand.sdf	diagnostic/refs/1L7F/falsemin_armA.pdb	ops/gates/configs/1L7F_dock_config.json
1N1M	benchmarks/astex_diverse/astex_diverse/1N1M/1N1M_apo.pdb	benchmarks/astex_diverse/astex_diverse/1N1M/1N1M_ligand.sdf	diagnostic/refs/1N1M/falsemin_armA.pdb	ops/gates/configs/1N1M_dock_config.json
1M2Z	benchmarks/astex_diverse/astex_diverse/1M2Z/1M2Z_apo.pdb	benchmarks/astex_diverse/astex_diverse/1M2Z/1M2Z_ligand.sdf	diagnostic/refs/1M2Z/falsemin_armA.pdb	ops/gates/configs/1M2Z_dock_config.json
# 1LPZ	benchmarks/astex_diverse/astex_diverse/1LPZ/1LPZ_apo.pdb	benchmarks/astex_diverse/astex_diverse/1LPZ/1LPZ_ligand.sdf	PLACEHOLDER_no_archived_decoy__populate_from_benchmark_run	ops/gates/configs/1LPZ_dock_config.json
# 2GBP	benchmarks/astex_diverse/astex_diverse/2GBP/2GBP_apo.pdb	benchmarks/astex_diverse/astex_diverse/2GBP/2GBP_ligand.sdf	PLACEHOLDER_no_archived_decoy__populate_from_benchmark_run	ops/gates/configs/2GBP_dock_config.json
