pdb_id,ligand_id,resolution_A,rmsd_threshold_A,reference
1g9v,LIG,2.0,2.0,Hartshorn2007_doi:10.1021/jm061277y
1gm8,LIG,2.0,2.0,Hartshorn2007_doi:10.1021/jm061277y
1gpk,LIG,2.0,2.0,Hartshorn2007_doi:10.1021/jm061277y
1hnn,LIG,2.0,2.0,Hartshorn2007_doi:10.1021/jm061277y
1hp0,LIG,2.0,2.0,Hartshorn2007_doi:10.1021/jm061277y
1hq2,LIG,2.0,2.0,Hartshorn2007_doi:10.1021/jm061277y
1ia1,LIG,2.0,2.0,Hartshorn2007_doi:10.1021/jm061277y
1igj,LIG,2.0,2.0,Hartshorn2007_doi:10.1021/jm061277y
1j3j,LIG,2.0,2.0,Hartshorn2007_doi:10.1021/jm061277y
1jd0,LIG,2.0,2.0,Hartshorn2007_doi:10.1021/jm061277y
1jje,LIG,2.0,2.0,Hartshorn2007_doi:10.1021/jm061277y
1k3u,LIG,2.0,2.0,Hartshorn2007_doi:10.1021/jm061277y
1ke5,LIG,2.0,2.0,Hartshorn2007_doi:10.1021/jm061277y
1kzk,LIG,2.0,2.0,Hartshorn2007_doi:10.1021/jm061277y
1l2s,LIG,2.0,2.0,Hartshorn2007_doi:10.1021/jm061277y
1l7f,LIG,2.0,2.0,Hartshorn2007_doi:10.1021/jm061277y
1lpz,LIG,2.0,2.0,Hartshorn2007_doi:10.1021/jm061277y
1m2z,LIG,2.0,2.0,Hartshorn2007_doi:10.1021/jm061277y
1meh,LIG,2.0,2.0,Hartshorn2007_doi:10.1021/jm061277y
1mq6,LIG,2.0,2.0,Hartshorn2007_doi:10.1021/jm061277y
1n1m,LIG,2.0,2.0,Hartshorn2007_doi:10.1021/jm061277y
1n2j,LIG,2.0,2.0,Hartshorn2007_doi:10.1021/jm061277y
1n2v,LIG,2.0,2.0,Hartshorn2007_doi:10.1021/jm061277y
1n46,LIG,2.0,2.0,Hartshorn2007_doi:10.1021/jm061277y
1nav,LIG,2.0,2.0,Hartshorn2007_doi:10.1021/jm061277y
1of1,LIG,2.0,2.0,Hartshorn2007_doi:10.1021/jm061277y
1of6,LIG,2.0,2.0,Hartshorn2007_doi:10.1021/jm061277y
1opk,LIG,2.0,2.0,Hartshorn2007_doi:10.1021/jm061277y
1oq5,LIG,2.0,2.0,Hartshorn2007_doi:10.1021/jm061277y
1owe,LIG,2.0,2.0,Hartshorn2007_doi:10.1021/jm061277y
1p2y,LIG,2.0,2.0,Hartshorn2007_doi:10.1021/jm061277y
1p62,LIG,2.0,2.0,Hartshorn2007_doi:10.1021/jm061277y
1pmn,LIG,2.0,2.0,Hartshorn2007_doi:10.1021/jm061277y
1q1g,LIG,2.0,2.0,Hartshorn2007_doi:10.1021/jm061277y
1q41,LIG,2.0,2.0,Hartshorn2007_doi:10.1021/jm061277y
1q4g,LIG,2.0,2.0,Hartshorn2007_doi:10.1021/jm061277y
1r1h,LIG,2.0,2.0,Hartshorn2007_doi:10.1021/jm061277y
1r55,LIG,2.0,2.0,Hartshorn2007_doi:10.1021/jm061277y
1r58,LIG,2.0,2.0,Hartshorn2007_doi:10.1021/jm061277y
1r9o,LIG,2.0,2.0,Hartshorn2007_doi:10.1021/jm061277y
1s19,LIG,2.0,2.0,Hartshorn2007_doi:10.1021/jm061277y
1s3v,LIG,2.0,2.0,Hartshorn2007_doi:10.1021/jm061277y
1sg0,LIG,2.0,2.0,Hartshorn2007_doi:10.1021/jm061277y
1sj0,LIG,2.0,2.0,Hartshorn2007_doi:10.1021/jm061277y
1sq5,LIG,2.0,2.0,Hartshorn2007_doi:10.1021/jm061277y
1t40,LIG,2.0,2.0,Hartshorn2007_doi:10.1021/jm061277y
1t46,LIG,2.0,2.0,Hartshorn2007_doi:10.1021/jm061277y
1t9b,LIG,2.0,2.0,Hartshorn2007_doi:10.1021/jm061277y
1tt1,LIG,2.0,2.0,Hartshorn2007_doi:10.1021/jm061277y
1tw6,LIG,2.0,2.0,Hartshorn2007_doi:10.1021/jm061277y
1tz8,LIG,2.0,2.0,Hartshorn2007_doi:10.1021/jm061277y
1u1c,LIG,2.0,2.0,Hartshorn2007_doi:10.1021/jm061277y
1u4d,LIG,2.0,2.0,Hartshorn2007_doi:10.1021/jm061277y
1uml,LIG,2.0,2.0,Hartshorn2007_doi:10.1021/jm061277y
1unl,LIG,2.0,2.0,Hartshorn2007_doi:10.1021/jm061277y
1uou,LIG,2.0,2.0,Hartshorn2007_doi:10.1021/jm061277y
1v0p,LIG,2.0,2.0,Hartshorn2007_doi:10.1021/jm061277y
1v48,LIG,2.0,2.0,Hartshorn2007_doi:10.1021/jm061277y
1v4s,LIG,2.0,2.0,Hartshorn2007_doi:10.1021/jm061277y
1vcj,LIG,2.0,2.0,Hartshorn2007_doi:10.1021/jm061277y
1w1p,LIG,2.0,2.0,Hartshorn2007_doi:10.1021/jm061277y
1w2g,LIG,2.0,2.0,Hartshorn2007_doi:10.1021/jm061277y
1x8x,LIG,2.0,2.0,Hartshorn2007_doi:10.1021/jm061277y
1xm6,LIG,2.0,2.0,Hartshorn2007_doi:10.1021/jm061277y
1xoz,LIG,2.0,2.0,Hartshorn2007_doi:10.1021/jm061277y
1y6b,LIG,2.0,2.0,Hartshorn2007_doi:10.1021/jm061277y
1y6r,LIG,2.0,2.0,Hartshorn2007_doi:10.1021/jm061277y
1ygc,LIG,2.0,2.0,Hartshorn2007_doi:10.1021/jm061277y
1yqy,LIG,2.0,2.0,Hartshorn2007_doi:10.1021/jm061277y
1yv3,LIG,2.0,2.0,Hartshorn2007_doi:10.1021/jm061277y
1yvf,LIG,2.0,2.0,Hartshorn2007_doi:10.1021/jm061277y
1ywr,LIG,2.0,2.0,Hartshorn2007_doi:10.1021/jm061277y
1z95,LIG,2.0,2.0,Hartshorn2007_doi:10.1021/jm061277y
2bm2,LIG,2.0,2.0,Hartshorn2007_doi:10.1021/jm061277y
2br1,LIG,2.0,2.0,Hartshorn2007_doi:10.1021/jm061277y
2bsm,LIG,2.0,2.0,Hartshorn2007_doi:10.1021/jm061277y
2bys,LIG,2.0,2.0,Hartshorn2007_doi:10.1021/jm061277y
2c3i,LIG,2.0,2.0,Hartshorn2007_doi:10.1021/jm061277y
2cet,LIG,2.0,2.0,Hartshorn2007_doi:10.1021/jm061277y
2cgr,LIG,2.0,2.0,Hartshorn2007_doi:10.1021/jm061277y
2d3u,LIG,2.0,2.0,Hartshorn2007_doi:10.1021/jm061277y
2gbp,LIG,2.0,2.0,Hartshorn2007_doi:10.1021/jm061277y
2hb1,LIG,2.0,2.0,Hartshorn2007_doi:10.1021/jm061277y
2hr7,LIG,2.0,2.0,Hartshorn2007_doi:10.1021/jm061277y
2j62,LIG,2.0,2.0,Hartshorn2007_doi:10.1021/jm061277y
