pdb_id,ligand_id,ligand_id_basis,ccd_name,resolution_A,experimental_method,paper_target_name,paper_compound_name,paper_potency_measure,paper_potency_uM,paper_ref_ids,source_doi,source_locator,rcsb_title
1g9v,RQ3,SOLE_NON_ADDITIVE_CANDIDATE,"2-{4-[(3,5-DIMETHYLANILINO)-CARBONYL-METHYL]-PHENOXY}-2-METHYLPROPIONIC ACID",1.85,X-ray,deoxy hemoglobin,RSR-13,,,42,10.1021/jm061277y,"Hartshorn 2007 Table 2, row 1, J Med Chem 50(4) p.734",HIGH RESOLUTION CRYSTAL STRUCTURE OF DEOXY HEMOGLOBIN COMPLEXED WITH A POTENT ALLOSTERIC EFFECTOR
1gkc,NFH,SOLE_NON_ADDITIVE_CANDIDATE,"N~2~-[(2R)-2-{[formyl(hydroxy)amino]methyl}-4-methylpentanoyl]-N,3-dimethyl-L-valinamide",2.3,X-ray,matrix metalloprotease 9,reverse hydroxamate inhibitor,,,43,10.1021/jm061277y,"Hartshorn 2007 Table 2, row 2, J Med Chem 50(4) p.734",MMP9-inhibitor complex
1gm8,SOX,SOLE_NON_ADDITIVE_CANDIDATE,"N-[(2S,4S,6R)-2-(DIHYDROXYMETHYL)-4-HYDROXY-3,3-DIMETHYL-7-OXO-4LAMBDA~4~-THIA-1-AZABICYCL",2.0,X-ray,penicillin G acylase,PGSO,Km,16,44,10.1021/jm061277y,"Hartshorn 2007 Table 2, row 3, J Med Chem 50(4) p.734",Crystal structures of penicillin acylase enzyme-substrate complexes: Structural insights into the catalytic me
1gpk,HUP,NAME_MATCH_PAPER,Huperzine A,2.1,X-ray,acetylcholinesterase,huperzine A,Ki,4.3,45,10.1021/jm061277y,"Hartshorn 2007 Table 2, row 4, J Med Chem 50(4) p.734",Structure of Acetylcholinesterase Complex with (+)-Huperzine A at 2.1A Resolution
1hnn,SKF,SOLE_NON_ADDITIVE_CANDIDATE,"1,2,3,4-TETRAHYDRO-ISOQUINOLINE-7-SULFONIC ACID AMIDE",2.4,X-ray,phenylethanolamine N-methyltransferase,SK&F 29661,Ki,0.58,46,10.1021/jm061277y,"Hartshorn 2007 Table 2, row 5, J Med Chem 50(4) p.734",CRYSTAL STRUCTURE OF HUMAN PNMT COMPLEXED WITH SK&F 29661 AND ADOHCY(SAH)
1hp0,AD3,NAME_MATCH_PAPER,3-DEAZA-ADENOSINE,2.1,X-ray,purine specific nucleoside hydrolase,3-deaza-adenosine,Ki,0.2,47,10.1021/jm061277y,"Hartshorn 2007 Table 2, row 6, J Med Chem 50(4) p.734",CRYSTAL STRUCTURE OF AN INOSINE-ADENOSINE-GUANOSINE-PREFERRING NUCLEOSIDE HYDROLASE FROM TRYPANOSOMA VIVAX IN 
1hq2,PH2,SOLE_NON_ADDITIVE_CANDIDATE,"2-AMINO-6-HYDROXYMETHYL-7,8-DIHYDRO-3H-PTERIDIN-4-ONE",1.25,X-ray,"6-hydroxymethyl-7,8-dihydropterin pyrophosphokinase",HP,Kd,0.17,48;49,10.1021/jm061277y,"Hartshorn 2007 Table 2, row 7, J Med Chem 50(4) p.734","CRYSTAL STRUCTURE OF A TERNARY COMPLEX OF E.COLI HPPK(R82A) WITH MGAMPCPP AND 6-HYDROXYMETHYL-7,8-DIHYDROPTERI"
1hvy,D16,NAME_MATCH_PAPER,TOMUDEX,1.9,X-ray,thymidylate synthase,tomudex,Ki,0.67,50;51,10.1021/jm061277y,"Hartshorn 2007 Table 2, row 8, J Med Chem 50(4) p.734","Human thymidylate synthase complexed with dUMP and Raltitrexed, an antifolate drug, is in the closed conformat"
1hwi,115,NAME_MATCH_PAPER,"(3R,5S,6E)-7-[3-(4-fluorophenyl)-1-(propan-2-yl)-1H-indol-2-yl]-3,5-dihydroxyhept-6-enoic ",2.3,X-ray,HMG-CoA reductase,fluvastatin,IC50,0.028,52,10.1021/jm061277y,"Hartshorn 2007 Table 2, row 9, J Med Chem 50(4) p.734",COMPLEX OF THE CATALYTIC PORTION OF HUMAN HMG-COA REDUCTASE WITH FLUVASTATIN
1hww,SWA,NAME_MATCH_PAPER,"1S-8AB-OCTAHYDRO-INDOLIZIDINE-1A,2A,8B-TRIOL",1.87,X-ray,α-mannosidase II,swainsonine,IC50,0.02,53,10.1021/jm061277y,"Hartshorn 2007 Table 2, row 10, J Med Chem 50(4) p.734",GOLGI ALPHA-MANNOSIDASE II IN COMPLEX WITH SWAINSONINE
1ia1,TQ3,SOLE_NON_ADDITIVE_CANDIDATE,"5-PHENYLSULFANYL-2,4-QUINAZOLINEDIAMINE",1.7,X-ray,dihydrofolate reductase,compound 3,IC50,0.034,54,10.1021/jm061277y,"Hartshorn 2007 Table 2, row 11, J Med Chem 50(4) p.734",Candida albicans dihydrofolate reductase complexed with dihydro-nicotinamide-adenine-dinucleotide phosphate (N
1ig3,VIB,SOLE_NON_ADDITIVE_CANDIDATE,3-(4-AMINO-2-METHYL-PYRIMIDIN-5-YLMETHYL)-5-(2-HYDROXY-ETHYL)-4-METHYL-THIAZOL-3-IUM,1.9,X-ray,thiamin pyrophosphokinase,thiamin or vitamin B1,,,55,10.1021/jm061277y,"Hartshorn 2007 Table 2, row 12, J Med Chem 50(4) p.734",Mouse Thiamin Pyrophosphokinase Complexed with Thiamin
1j3j,CP6,NAME_MATCH_PAPER,"5-(4-CHLORO-PHENYL)-6-ETHYL-PYRIMIDINE-2,4-DIAMINE",2.3,X-ray,dihydrofolate reductase,pyrimethamine,Ki,0.0098,56,10.1021/jm061277y,"Hartshorn 2007 Table 2, row 13, J Med Chem 50(4) p.734",Double mutant (C59R+S108N) Plasmodium falciparum dihydrofolate reductase-thymidylate synthase (PfDHFR-TS) comp
1jd0,AZM,NAME_MATCH_PAPER,"5-ACETAMIDO-1,3,4-THIADIAZOLE-2-SULFONAMIDE",1.5,X-ray,carbonic anhydrase XII,acetazolamide,Ki,0.0057,57;58,10.1021/jm061277y,"Hartshorn 2007 Table 2, row 14, J Med Chem 50(4) p.734",CRYSTAL STRUCTURE OF THE EXTRACELLULAR DOMAIN OF HUMAN CARBONIC ANHYDRASE XII COMPLEXED WITH ACETAZOLAMIDE
1jje,BYS,SOLE_NON_ADDITIVE_CANDIDATE,"2-BENZO[1,3]DIOXOL-5-YLMETHYL-3-BENZYL-SUCCINIC ACID",1.8,X-ray,metallo β-lactamase,compound 11,IC50,0.0037,59,10.1021/jm061277y,"Hartshorn 2007 Table 2, row 15, J Med Chem 50(4) p.734",IMP-1 METALLO BETA-LACTAMASE FROM PSEUDOMONAS AERUGINOSA IN COMPLEX WITH A BIARYL SUCCINIC ACID INHIBITOR (11)
1jla,TNK,SOLE_NON_ADDITIVE_CANDIDATE,6-BENZYL-1-BENZYLOXYMETHYL-5-ISOPROPYL URACIL,2.5,X-ray,HIV-1 reverse transcriptase,TNK-651,,,60,10.1021/jm061277y,"Hartshorn 2007 Table 2, row 16, J Med Chem 50(4) p.734",CRYSTAL STRUCTURE OF Y181C MUTANT HIV-1 REVERSE TRANSCRIPTASE IN COMPLEX WITH TNK-651
1k3u,IAD,NAME_MATCH_PAPER,N-[1H-INDOL-3-YL-ACETYL]ASPARTIC ACID,1.7,X-ray,tryptophan synthase,N-[1H-indol-3-yl-acetyl]aspartic acid,,,61,10.1021/jm061277y,"Hartshorn 2007 Table 2, row 17, J Med Chem 50(4) p.734",CRYSTAL STRUCTURE OF WILD-TYPE TRYPTOPHAN SYNTHASE COMPLEXED WITH N-[1H-INDOL-3-YL-ACETYL]ASPARTIC ACID
1ke5,LS1,SOLE_NON_ADDITIVE_CANDIDATE,"N-METHYL-4-{[(2-OXO-1,2-DIHYDRO-3H-INDOL-3-YLIDENE)METHYL]AMINO}BENZENESULFONAMIDE",2.2,X-ray,cyclin-dependent kinase 2,compound 98,IC50,0.56,62,10.1021/jm061277y,"Hartshorn 2007 Table 2, row 18, J Med Chem 50(4) p.734","CDK2 complexed with N-methyl-4-{[(2-oxo-1,2-dihydro-3H-indol-3-ylidene)methyl]amino}benzenesulfonamide"
1kzk,JE2,NAME_MATCH_PAPER,"(4R)-3-{(2S,3S)-2-hydroxy-3-[(3-hydroxy-2-methylbenzoyl)amino]-4-phenylbutanoyl}-5,5-dimet",1.09,X-ray,HIV-1 protease,JE-2147 (also named AG1776 or KNI-764),Ki,0.000041,63,10.1021/jm061277y,"Hartshorn 2007 Table 2, row 19, J Med Chem 50(4) p.734",JE-2147-HIV Protease Complex
1l2s,STC,SOLE_NON_ADDITIVE_CANDIDATE,3-[(4-CHLOROANILINO)SULFONYL]THIOPHENE-2-CARBOXYLIC ACID,1.94,X-ray,β-lactamase,compound 1,Ki,26,64,10.1021/jm061277y,"Hartshorn 2007 Table 2, row 20, J Med Chem 50(4) p.734",X-ray crystal structure of AmpC beta-lactamase from E. coli in complex with a DOCK-predicted non-covalent inhi
1l7f,BCZ,NAME_MATCH_PAPER,3-(1-ACETYLAMINO-2-ETHYL-BUTYL)-4-GUANIDINO-2-HYDROXY-CYCLOPENTANECARBOXYLIC ACID,1.8,X-ray,neuraminidase A,BCX-1812,IC50,0.0008,65;66,10.1021/jm061277y,"Hartshorn 2007 Table 2, row 21, J Med Chem 50(4) p.734",Crystal structure of influenza virus neuraminidase in complex with BCX-1812
1lpz,CMB,SOLE_NON_ADDITIVE_CANDIDATE,"1-(3-carbamimidoylbenzyl)-N-(3,5-dichlorobenzyl)-4-methyl-1H-indole-2-carboxamide",2.4,X-ray,factor Xa,compound 41,Ki,0.025,67,10.1021/jm061277y,"Hartshorn 2007 Table 2, row 22, J Med Chem 50(4) p.734",CRYSTAL STRUCTURE OF FXA IN COMPLEX WITH 41.
1lrh,NLA,NAME_MATCH_PAPER,NAPHTHALEN-1-YL-ACETIC ACID,1.9,X-ray,auxin-binding protein 1,1-naphthalene acetic acid,,,68,10.1021/jm061277y,"Hartshorn 2007 Table 2, row 23, J Med Chem 50(4) p.734",Crystal structure of auxin-binding protein 1 in complex with 1-naphthalene acetic acid
1m2z,DEX,NAME_MATCH_PAPER,DEXAMETHASONE,2.5,X-ray,glucocorticoid receptor,dexamethasone,Kd,0.06,69,10.1021/jm061277y,"Hartshorn 2007 Table 2, row 24, J Med Chem 50(4) p.734",Crystal structure of a dimer complex of the human glucocorticoid receptor ligand-binding domain bound to dexam
1meh,MOA,NAME_MATCH_PAPER,MYCOPHENOLIC ACID,1.95,X-ray,inosine monophosphate dehydrogenase,mycophenolic acid,,,70,10.1021/jm061277y,"Hartshorn 2007 Table 2, row 25, J Med Chem 50(4) p.734",Inosine Monophosphate Dehydrogenase (IMPDH) From Tritrichomonas Foetus with IMP and MOA bound
1mmv,3AR,SOLE_NON_ADDITIVE_CANDIDATE,N-OMEGA-PROPYL-L-ARGININE,2.0,X-ray,neuronal nitric-oxide synthase,NG-propyl-L-arginine,Ki,0.057,71,10.1021/jm061277y,"Hartshorn 2007 Table 2, row 26, J Med Chem 50(4) p.734",Rat neuronal NOS heme domain with NG-propyl-L-arginine bound
1mzc,BNE,SOLE_NON_ADDITIVE_CANDIDATE,2-[3-(3-ETHYL-1-METHYL-2-OXO-AZEPAN-3-YL)-PHENOXY]-4-[1-AMINO-1-(1-METHYL-1H-IMIDIZOL-5-YL,2.0,X-ray,protein farnesyltransferase,compound 33a,IC50,0.00006,72,10.1021/jm061277y,"Hartshorn 2007 Table 2, row 27, J Med Chem 50(4) p.734",Co-Crystal Structure Of Human Farnesyltransferase With Farnesyldiphosphate and Inhibitor Compound 33a
1n1m,A3M,SOLE_NON_ADDITIVE_CANDIDATE,2-AMINO-3-METHYL-1-PYRROLIDIN-1-YL-BUTAN-1-ONE,2.5,X-ray,dipeptidyl peptidase IV,valine-pyrrolidine,Ki,2,73,10.1021/jm061277y,"Hartshorn 2007 Table 2, row 28, J Med Chem 50(4) p.734",Human Dipeptidyl Peptidase IV/CD26 in complex with an inhibitor
1n2j,PAF,NAME_MATCH_PAPER,PANTOATE,1.8,X-ray,pantothenate synthetase,pantoate,,,74,10.1021/jm061277y,"Hartshorn 2007 Table 2, row 29, J Med Chem 50(4) p.734",Crystal Structure of a Pantothenate Synthetase from M. tuberculosis in complex with pantoate
1n2v,BDI,SOLE_NON_ADDITIVE_CANDIDATE,"2-BUTYL-5,6-DIHYDRO-1H-IMIDAZO[4,5-D]PYRIDAZINE-4,7-DIONE",2.1,X-ray,tRNA-guanine transglycosylase,compound 6,Ki,83,75,10.1021/jm061277y,"Hartshorn 2007 Table 2, row 30, J Med Chem 50(4) p.734","Crystal Structure of TGT in complex with 2-Butyl-5,6-dihydro-1H-imidazo[4,5-d]pyridazine-4,7-dione"
1n46,PFA,SOLE_NON_ADDITIVE_CANDIDATE,"[4-(4-HYDROXY-3-ISOPROPYL-PHENOXY)-3,5-DIMETHYL-PHENYL]-6-AZAURACIL",2.2,X-ray,thyroid hormone receptor β1,compound 3,Ki,0.00003,76,10.1021/jm061277y,"Hartshorn 2007 Table 2, row 31, J Med Chem 50(4) p.734",CRYSTAL STRUCTURE OF HUMAN TR BETA LIGAND-BINDING DOMAIN COMPLEXED WITH A POTENT SUBTYPE-SELECTIVE THYROMIMETI
1nav,IH5,SOLE_NON_ADDITIVE_CANDIDATE,"{3,5-DICHLORO-4-[4-HYDROXY-3-(PROPAN-2-YL)PHENOXY]PHENYL}ACETIC ACID",2.5,X-ray,thyroid hormone receptor α1,compound 15,IC50,0.025,77,10.1021/jm061277y,"Hartshorn 2007 Table 2, row 32, J Med Chem 50(4) p.734",Thyroid Receptor Alpha in complex with an agonist selective for Thyroid Receptor Beta1
1of1,SCT,SOLE_NON_ADDITIVE_CANDIDATE,(SOUTH)-METHANOCARBA-THYMIDINE,1.95,X-ray,thymidine kinase,(S)-MCT,Km,4.1,78,10.1021/jm061277y,"Hartshorn 2007 Table 2, row 33, J Med Chem 50(4) p.734",KINETICS AND CRYSTAL STRUCTURE OF THE HERPES SIMPLEX VIRUS TYPE 1 THYMIDINE KINASE INTERACTING WITH (SOUTH)-ME
1of6,DTY,SOLE_NON_ADDITIVE_CANDIDATE,D-TYROSINE,2.1,X-ray,DAHP synthase,tyrosine,Ki,0.9,79,10.1021/jm061277y,"Hartshorn 2007 Table 2, row 34, J Med Chem 50(4) p.734",crystal structure of the tyrosine-regulated 3-deoxy-d-arabino-heptulosonate-7-phosphate synthase from saccharo
1opk,P16,NAME_MATCH_PAPER,"6-(2,6-DICHLOROPHENYL)-2-{[3-(HYDROXYMETHYL)PHENYL]AMINO}-8-METHYLPYRIDO[2,3-D]PYRIMIDIN-7",1.8,X-ray,c-Abl tyrosine kinase,PD166326,IC50,0.00015,80,10.1021/jm061277y,"Hartshorn 2007 Table 2, row 35, J Med Chem 50(4) p.734",Structural basis for the auto-inhibition of c-Abl tyrosine kinase
1oq5,CEL,NAME_MATCH_PAPER,4-[5-(4-METHYLPHENYL)-3-(TRIFLUOROMETHYL)-1H-PYRAZOL-1-YL]BENZENESULFONAMIDE,1.5,X-ray,carbonic anhydrase II,celecoxib,IC50,0.0021,81,10.1021/jm061277y,"Hartshorn 2007 Table 2, row 36, J Med Chem 50(4) p.734",CARBONIC ANHYDRASE II IN COMPLEX WITH NANOMOLAR INHIBITOR
1owe,675,SOLE_NON_ADDITIVE_CANDIDATE,6-[(Z)-AMINO(IMINO)METHYL]-N-PHENYL-2-NAPHTHAMIDE,1.6,X-ray,urokinase,compound 6,Ki,0.631,82,10.1021/jm061277y,"Hartshorn 2007 Table 2, row 37, J Med Chem 50(4) p.734",Substituted 2-Naphthamidine inhibitors of urokinase
1oyt,FSN,SOLE_NON_ADDITIVE_CANDIDATE,"(3ASR,4RS,8ASR,8BRS)-4-(2-(4-FLUOROBENZYL)-1,3-DIOXODEACAHYDROPYRROLO[3,4-A] PYRROLIZIN-4-",1.67,X-ray,thrombin,compound 4,Ki,0.057,83,10.1021/jm061277y,"Hartshorn 2007 Table 2, row 38, J Med Chem 50(4) p.734",COMPLEX OF RECOMBINANT HUMAN THROMBIN WITH A DESIGNED FLUORINATED INHIBITOR
1p2y,NCT,NAME_MATCH_PAPER,(S)-3-(1-METHYLPYRROLIDIN-2-YL)PYRIDINE,2.3,X-ray,cytochrome P450cam,nicotine,Ks,10,84,10.1021/jm061277y,"Hartshorn 2007 Table 2, row 39, J Med Chem 50(4) p.734",CRYSTAL STRUCTURE OF CYTOCHROME P450CAM IN COMPLEX WITH (S)-(-)-NICOTINE
1p62,GEO,NAME_MATCH_PAPER,GEMCITABINE,1.9,X-ray,deoxycytidine kinase,gemcitabine,Km,22,85,10.1021/jm061277y,"Hartshorn 2007 Table 2, row 40, J Med Chem 50(4) p.734",Structure of human dCK complexed with gemcitabine and ADP-MG
1pmn,984,SOLE_NON_ADDITIVE_CANDIDATE,"CYCLOPROPYL-{4-[5-(3,4-DICHLOROPHENYL)-2-[(1-METHYL)-PIPERIDIN]-4-YL-3-PROPYL-3H-IMIDAZOL-",2.2,X-ray,c-Jun terminal kinase 3,compound 1,IC50,0.007,86,10.1021/jm061277y,"Hartshorn 2007 Table 2, row 41, J Med Chem 50(4) p.734",Crystal structure of JNK3 in complex with an imidazole-pyrimidine inhibitor
1q1g,MTI,NAME_MATCH_PAPER,"3,4-DIHYDROXY-2-[(METHYLSULFANYL)METHYL]-5-(4-OXO-4,5-DIHYDRO-3H-PYRROLO[3,2-D]PYRIMIDIN-7",2.02,X-ray,purine nucleoside phosphorylase,MT-ImmH,Kd,0.0027,87,10.1021/jm061277y,"Hartshorn 2007 Table 2, row 42, J Med Chem 50(4) p.734",Crystal structure of Plasmodium falciparum PNP with 5'-methylthio-immucillin-H
1q41,IXM,NAME_MATCH_PAPER,"(Z)-1H,1'H-[2,3']BIINDOLYLIDENE-3,2'-DIONE-3-OXIME",2.1,X-ray,glycogen synthase kinase 3β,indirubin-3′-monoxime,IC50,0.022,88,10.1021/jm061277y,"Hartshorn 2007 Table 2, row 43, J Med Chem 50(4) p.734",GSK-3 Beta complexed with Indirubin-3'-monoxime
1q4g,BFL,SOLE_NON_ADDITIVE_CANDIDATE,"2-(1,1'-BIPHENYL-4-YL)PROPANOIC ACID",2.0,X-ray,prostaglandin H2 synthase 1,α-methyl-4-biphenylacetic acid,Ki,0.13,89;90,10.1021/jm061277y,"Hartshorn 2007 Table 2, row 44, J Med Chem 50(4) p.734","2.0 Angstrom Crystal Structure of Ovine Prostaglandin H2 Synthase-1, in complex with alpha-methyl-4-biphenylac"
1r1h,BIR,SOLE_NON_ADDITIVE_CANDIDATE,"N-[3-[(1-AMINOETHYL)(HYDROXY)PHOSPHORYL]-2-(1,1'-BIPHENYL-4-YLMETHYL)PROPANOYL]ALANINE",1.95,X-ray,neprilysin,compound 1,Ki,0.0012,91;92,10.1021/jm061277y,"Hartshorn 2007 Table 2, row 45, J Med Chem 50(4) p.734",STRUCTURAL ANALYSIS OF NEPRILYSIN WITH VARIOUS SPECIFIC AND POTENT INHIBITORS
1r55,097,NAME_MATCH_PAPER,"(2S,3R)-N~4~-[(1S)-2,2-dimethyl-1-(methylcarbamoyl)propyl]-N~1~,2-dihydroxy-3-(2-methylpro",1.58,X-ray,ADAM33,marimastat,Ki,0.16,93;94,10.1021/jm061277y,"Hartshorn 2007 Table 2, row 46, J Med Chem 50(4) p.734",Crystal structure of the catalytic domain of human ADAM 33
1r58,AO5,SOLE_NON_ADDITIVE_CANDIDATE,"N'-((2S,3R)-3-AMINO-2-HYDROXY-5-(ISOPROPYLSULFANYL)PENTANOYL)-N-3-CHLOROBENZOYL HYDRAZIDE",1.9,X-ray,methionine aminopeptidase 2,A357300,IC50,0.11,95,10.1021/jm061277y,"Hartshorn 2007 Table 2, row 47, J Med Chem 50(4) p.734",Crystal Structure of MetAP2 complexed with A357300
1r9o,FLP,NAME_MATCH_PAPER,FLURBIPROFEN,2.0,X-ray,cytochrome P450 2C9,flurbiprofen,Ks,9.6,96,10.1021/jm061277y,"Hartshorn 2007 Table 2, row 48, J Med Chem 50(4) p.734",Crystal Structure of P4502C9 with Flurbiprofen bound
1s19,MC9,NAME_MATCH_PAPER,CALCIPOTRIOL,2.1,X-ray,vitamin D nuclear receptor,calcipotriol,EC50,0.0017,97,10.1021/jm061277y,"Hartshorn 2007 Table 2, row 49, J Med Chem 50(4) p.734",Crystal structure of VDR ligand binding domain complexed to calcipotriol.
1s3v,TQD,SOLE_NON_ADDITIVE_CANDIDATE,"(2R,6S)-6-{[methyl(3,4,5-trimethoxyphenyl)amino]methyl}-1,2,5,6,7,8-hexahydroquinazoline-2",1.8,X-ray,dihydrofolate reductase,compound 2,IC50,0.038,98;99,10.1021/jm061277y,"Hartshorn 2007 Table 2, row 50, J Med Chem 50(4) p.734",Structure Determination of Tetrahydroquinazoline Antifolates in Complex with Human and Pneumocystis carinii Di
1sg0,STL,NAME_MATCH_PAPER,RESVERATROL,1.5,X-ray,quinone reductase 2,resveratrol,Kd,0.034,100,10.1021/jm061277y,"Hartshorn 2007 Table 2, row 51, J Med Chem 50(4) p.734",Crystal structure analysis of QR2 in complex with resveratrol
1sj0,E4D,NAME_MATCH_PAPER,"(2S,3R)-2-(4-(2-(PIPERIDIN-1-YL)ETHOXY)PHENYL)-2,3-DIHYDRO-3-(4-HYDROXYPHENYL)BENZO[B][1,4",1.9,X-ray,estrogen receptor α,compound 4-D,IC50,0.0008,101,10.1021/jm061277y,"Hartshorn 2007 Table 2, row 52, J Med Chem 50(4) p.734",Human Estrogen Receptor Alpha Ligand-binding Domain in Complex with the Antagonist Ligand 4-D
1sq5,PAU,NAME_MATCH_PAPER,PANTOTHENOIC ACID,2.2,X-ray,pantothenate kinase,pantothenate,Km,41,102;103,10.1021/jm061277y,"Hartshorn 2007 Table 2, row 53, J Med Chem 50(4) p.734",Crystal Structure of E. coli Pantothenate kinase
1sqn,NDR,NAME_MATCH_PAPER,Norethindrone,1.451,X-ray,progesterone receptor,norethindrone,Kd,0.0004,104,10.1021/jm061277y,"Hartshorn 2007 Table 2, row 54, J Med Chem 50(4) p.734",Progesterone Receptor Ligand Binding Domain with bound Norethindrone
1t40,ID5,NAME_MATCH_PAPER,"[5-FLUORO-2-({[(4,5,7-TRIFLUORO-1,3-BENZOTHIAZOL-2-YL)METHYL]AMINO}CARBONYL)PHENOXY]ACETIC",1.8,X-ray,aldose reductase,IDD552,IC50,0.011,105,10.1021/jm061277y,"Hartshorn 2007 Table 2, row 55, J Med Chem 50(4) p.734",Crystal structure of human aldose reductase complexed with NADP and IDD552 at ph 5
1t46,STI,SOLE_NON_ADDITIVE_CANDIDATE,4-(4-METHYL-PIPERAZIN-1-YLMETHYL)-N-[4-METHYL-3-(4-PYRIDIN-3-YL-PYRIMIDIN-2-YLAMINO)-PHENY,1.6,X-ray,c-kit tyrosine kinase,gleevec,IC50,0.413,106;107,10.1021/jm061277y,"Hartshorn 2007 Table 2, row 56, J Med Chem 50(4) p.734",STRUCTURAL BASIS FOR THE AUTOINHIBITION AND STI-571 INHIBITION OF C-KIT TYROSINE KINASE
1t9b,1CS,HEURISTIC_LARGEST_OF_5(1CS/P25/YF3/P22/NSP),"1-(2-CHLOROPHENYLSULFONYL)-3-(4-METHOXY-6-METHYL-L,3,5-TRIAZIN-2-YL)UREA",2.2,X-ray,acetohydroxyacid synthase,chlorsulfuron,Ki,0.127,108;109,10.1021/jm061277y,"Hartshorn 2007 Table 2, row 57, J Med Chem 50(4) p.734","Crystal structure of yeast acetohydroxyacid synthase in complex with a sulfonylurea herbicide, chlorsulfuron"
1tow,CRZ,SOLE_NON_ADDITIVE_CANDIDATE,4-(9H-CARBAZOL-9-YL)BUTANOIC ACID,2.0,X-ray,adipocyte fatty acid-binding protein,compound 1,IC50,0.57,110,10.1021/jm061277y,"Hartshorn 2007 Table 2, row 58, J Med Chem 50(4) p.734",Crystal structure of human adipocyte fatty acid binding protein in complex with a carboxylic acid ligand
1tt1,KAI,NAME_MATCH_PAPER,3-(CARBOXYMETHYL)-4-ISOPROPENYLPROLINE,1.93,X-ray,glutamate receptor 6,kainate,Ki,64.6,111,10.1021/jm061277y,"Hartshorn 2007 Table 2, row 59, J Med Chem 50(4) p.734",CRYSTAL STRUCTURE OF THE GLUR6 LIGAND BINDING CORE IN COMPLEX WITH KAINATE 1.93 A RESOLUTION
1tz8,DES,NAME_MATCH_PAPER,DIETHYLSTILBESTROL,1.85,X-ray,transthyretin,diethylstilbestrol,,,112,10.1021/jm061277y,"Hartshorn 2007 Table 2, row 60, J Med Chem 50(4) p.734",The monoclinic crystal structure of transthyretin in complex with diethylstilbestrol
1u1c,BAU,NAME_MATCH_PAPER,"1-((2-HYDROXYETHOXY)METHYL)-5-BENZYLPYRIMIDINE-2,4(1H,3H)-DIONE",2.2,X-ray,uridine phosphorylase,5-benzyl-acyclouridine,Ki,4.3,113,10.1021/jm061277y,"Hartshorn 2007 Table 2, row 61, J Med Chem 50(4) p.734",Structure of E. coli uridine phosphorylase complexed to 5-benzylacyclouridine (BAU)
1u4d,DBQ,NAME_MATCH_PAPER,DEBROMOHYMENIALDISINE,2.1,X-ray,activated Cdc42 kinase 1,debromohymenialdisine,,,114,10.1021/jm061277y,"Hartshorn 2007 Table 2, row 62, J Med Chem 50(4) p.734",Structure of the ACK1 Kinase Domain bound to Debromohymenialdisine
1uml,FR4,SOLE_NON_ADDITIVE_CANDIDATE,1-((1R)-1-(HYDROXYMETHYL)-3-{6-[(3-PHENYLPROPANOYL)AMINO]-1H-INDOL-1-YL}PROPYL)-1H-IMIDAZO,2.5,X-ray,adenosine deaminase,compound 4c,Ki,0.03,115,10.1021/jm061277y,"Hartshorn 2007 Table 2, row 63, J Med Chem 50(4) p.734",Crystal structure of adenosine deaminase complexed with a potent inhibitor FR233624
1unl,RRC,NAME_MATCH_PAPER,R-ROSCOVITINE,2.2,X-ray,cyclin-dependent kinase 5,(R)-roscovitine,IC50,0.2,116,10.1021/jm061277y,"Hartshorn 2007 Table 2, row 64, J Med Chem 50(4) p.734","Structural mechanism for the inhibition of CD5-p25 from the roscovitine, aloisine and indirubin."
1uou,CMU,SOLE_NON_ADDITIVE_CANDIDATE,5-CHLORO-6-(1-(2-IMINOPYRROLIDINYL) METHYL) URACIL,2.11,X-ray,thymidine phosphorylase,TPI,IC50,0.02,117;118,10.1021/jm061277y,"Hartshorn 2007 Table 2, row 65, J Med Chem 50(4) p.734",Crystal structure of human thymidine phosphorylase in complex with a small molecule inhibitor
1v0p,PVB,NAME_MATCH_PAPER,PURVALANOL B,2.0,X-ray,protein kinase 5,purvalanol B,IC50,0.13,119;120,10.1021/jm061277y,"Hartshorn 2007 Table 2, row 66, J Med Chem 50(4) p.734",Structure of P. falciparum PfPK5-Purvalanol B ligand complex
1v48,HA1,SOLE_NON_ADDITIVE_CANDIDATE,"9-(5,5-DIFLUORO-5-PHOSPHONOPENTYL)GUANINE",2.2,X-ray,purine nucleoside phosphorylase,DFPP-G,Ki,0.0069,121,10.1021/jm061277y,"Hartshorn 2007 Table 2, row 67, J Med Chem 50(4) p.734","Calf spleen purine nucleoside phosphorylase (PNP) binary complex with 9-(5,5-difluoro-5-phosphonopenthyl)guani"
1v4s,MRK,SOLE_NON_ADDITIVE_CANDIDATE,"2-AMINO-4-FLUORO-5-[(1-METHYL-1H-IMIDAZOL-2-YL)SULFANYL]-N-(1,3-THIAZOL-2-YL)BENZAMIDE",2.3,X-ray,glucokinase,compound A,Km,1000,122,10.1021/jm061277y,"Hartshorn 2007 Table 2, row 68, J Med Chem 50(4) p.734",Crystal structure of human glucokinase
1vcj,IBA,SOLE_NON_ADDITIVE_CANDIDATE,4-[(2R)-2-(AMINOMETHYL)-2-(HYDROXYMETHYL)-5-OXOPYRROLIDIN-1-YL]-3-[(1-ETHYLPROPYL)AMINO]BE,2.4,X-ray,neuraminidase B,BANA207,IC50,26,123,10.1021/jm061277y,"Hartshorn 2007 Table 2, row 69, J Med Chem 50(4) p.734",Influenza B virus neuraminidase complexed with 1-(4-Carboxy-2-(3-pentylamino)phenyl)-5-aminomethyl-5-hydroxyme
1w1p,GIO,SOLE_NON_ADDITIVE_CANDIDATE,CYCLO-(GLYCINE-L-PROLINE) INHIBITOR,2.1,X-ray,chitinase B,cyclo-(gly-L-pro),IC50,5000,124,10.1021/jm061277y,"Hartshorn 2007 Table 2, row 70, J Med Chem 50(4) p.735",Crystal structure of S. marcescens chitinase B in complex with the cyclic dipeptide inhibitor cyclo-(Gly-L-Pro
1w2g,THM,NAME_MATCH_PAPER,THYMIDINE,2.1,X-ray,thymidylate kinase,deoxythymidine,Ki,27,125;126,10.1021/jm061277y,"Hartshorn 2007 Table 2, row 71, J Med Chem 50(4) p.735",Crystal Structure Of Mycobacterium Tuberculosis Thymidylate Kinase Complexed With Deoxythymidine (dT) (2.1 A R
1x8x,TYR,NAME_MATCH_PAPER,TYROSINE,2.0,X-ray,tyrosyl-tRNA synthetase,L-tyrosine,,,127,10.1021/jm061277y,"Hartshorn 2007 Table 2, row 72, J Med Chem 50(4) p.735",Tyrosyl t-RNA Synthetase from E.coli Complexed with Tyrosine
1xm6,5RM,SOLE_NON_ADDITIVE_CANDIDATE,"(5R)-5-(4-methoxy-3-propoxyphenyl)-5-methyl-1,3-oxazolidin-2-one",1.92,X-ray,phosphodiesterase 4B,(R)-mesopram,IC50,0.42,128,10.1021/jm061277y,"Hartshorn 2007 Table 2, row 73, J Med Chem 50(4) p.735",Catalytic Domain Of Human Phosphodiesterase 4B In Complex With (R)-Mesopram
1xoq,ROF,NAME_MATCH_PAPER,"3-(CYCLOPROPYLMETHOXY)-N-(3,5-DICHLOROPYRIDIN-4-YL)-4-(DIFLUOROMETHOXY)BENZAMIDE",1.83,X-ray,phosphodiesterase 4D,roflumilast,IC50,0.00068,128,10.1021/jm061277y,"Hartshorn 2007 Table 2, row 74, J Med Chem 50(4) p.735",Catalytic Domain Of Human Phosphodiesterase 4D In Complex With Roflumilast
1xoz,CIA,NAME_MATCH_PAPER,"6-BENZO[1,3]DIOXOL-5-YL-2-METHYL-2,3,6,7,12,12A-HEXAHYDRO-PYRAZINO[1',2':1,6]PYRIDO[3,4-B]",1.37,X-ray,phosphodiesterase 5A,tadalafil,IC50,0.0012,128,10.1021/jm061277y,"Hartshorn 2007 Table 2, row 75, J Med Chem 50(4) p.735",Catalytic Domain Of Human Phosphodiesterase 5A In Complex With Tadalafil
1y6b,AAX,SOLE_NON_ADDITIVE_CANDIDATE,"N-(CYCLOPROPYLMETHYL)-4-(METHYLOXY)-3-({5-[3-(3-PYRIDINYL)PHENYL]-1,3-OXAZOL-2-YL}AMINO)BE",2.1,X-ray,vascular endothelial growth factor receptor 2,compound 46,IC50,0.038,129,10.1021/jm061277y,"Hartshorn 2007 Table 2, row 76, J Med Chem 50(4) p.735",Crystal structure of VEGFR2 in complex with a 2-anilino-5-aryl-oxazole inhibitor
1ygc,905,SOLE_NON_ADDITIVE_CANDIDATE,"(R)-4-[2-(3-AMINO-BENZENESULFONYLAMINO)-1-(3,5-DIETHOXY-2-FLUOROPHENYL)-2-OXO-ETHYLAMINO]-",2.0,X-ray,factor VIIa,G17905,Ki,0.00035,130,10.1021/jm061277y,"Hartshorn 2007 Table 2, row 77, J Med Chem 50(4) p.735",Short Factor VIIa with a small molecule inhibitor
1yqy,915,SOLE_NON_ADDITIVE_CANDIDATE,(2R)-2-{[(4-FLUORO-3-METHYLPHENYL)SULFONYL]AMINO}-N-HYDROXY-2-TETRAHYDRO-2H-PYRAN-4-YLACET,2.3,X-ray,lethal factor,hydroxamate LFI,Ki,0.024,131,10.1021/jm061277y,"Hartshorn 2007 Table 2, row 78, J Med Chem 50(4) p.735",Structure of B. Anthrax Lethal factor in complex with a hydroxamate inhibitor
1yv3,BIT,NAME_MATCH_PAPER,"(-)-1-PHENYL-1,2,3,4-TETRAHYDRO-4-HYDROXYPYRROLO[2,3-B]-7-METHYLQUINOLIN-4-ONE",2.0,X-ray,myosin II,blebbistatin,IC50,4.9,132,10.1021/jm061277y,"Hartshorn 2007 Table 2, row 79, J Med Chem 50(4) p.735",The structural basis of blebbistatin inhibition and specificity for myosin II
1yvf,PH7,SOLE_NON_ADDITIVE_CANDIDATE,(2Z)-2-(BENZOYLAMINO)-3-[4-(2-BROMOPHENOXY)PHENYL]-2-PROPENOIC ACID,2.5,X-ray,NS5B polymerase,compound 59,IC50,0.1,133,10.1021/jm061277y,"Hartshorn 2007 Table 2, row 80, J Med Chem 50(4) p.735",Hepatitis C virus NS5B RNA-dependent RNA polymerase complex with inhibitor PHA-00729145
1ywr,LI9,SOLE_NON_ADDITIVE_CANDIDATE,4-(4-FLUOROPHENYL)-1-METHYL-5-(2-{[(1S)-1-PHENYLETHYL]AMINO}PYRIMIDIN-4-YL)-2-PIPERIDIN-4-,1.95,X-ray,p38 kinase,compound 15d,IC50,0.032,134,10.1021/jm061277y,"Hartshorn 2007 Table 2, row 81, J Med Chem 50(4) p.735",Crystal Structure Analysis of inactive P38 kinase domain in complex with a Monocyclic Pyrazolone Inhibitor
1z95,198,NAME_MATCH_PAPER,R-BICALUTAMIDE,1.8,X-ray,androgen receptor,R-bicalutamide,Ki,0.076,135,10.1021/jm061277y,"Hartshorn 2007 Table 2, row 82, J Med Chem 50(4) p.735",Crystal Structure of the Androgen Receptor Ligand-binding Domain W741L Mutant Complex with R-bicalutamide
2bm2,PM2,SOLE_NON_ADDITIVE_CANDIDATE,1-[3-(1-{[5-(2-PHENYLETHYL)PYRIDIN-3-YL]CARBONYL}PIPERIDIN-4-YL)PHENYL]METHANAMINE,2.2,X-ray,βII tryptase,compound 16b,Ki,0.015,136,10.1021/jm061277y,"Hartshorn 2007 Table 2, row 83, J Med Chem 50(4) p.735",human beta-II tryptase in complex with 4-(3-Aminomethyl-phenyl)- piperidin-1-yl-(5-phenethyl- pyridin-3-yl)-me
2br1,PFP,SOLE_NON_ADDITIVE_CANDIDATE,"2-[5,6-BIS-(4-METHOXY-PHENYL)-FURO[2,3-D]PYRIMIDIN-4-YLAMINO]-ETHANOL",2.0,X-ray,Chk1,compound 1,IC50,15.4,137,10.1021/jm061277y,"Hartshorn 2007 Table 2, row 84, J Med Chem 50(4) p.735",Structure-based Design of Novel Chk1 Inhibitors: Insights into Hydrogen Bonding and Protein-Ligand Affinity
2bsm,BSM,SOLE_NON_ADDITIVE_CANDIDATE,"5-(5-CHLORO-2,4-DIHYDROXYPHENYL)-N-ETHYL-4-(4-METHOXYPHENYL)-1H-PYRAZOLE-3-CARBOXAMIDE",2.05,X-ray,heat shock protein 90,compound 11 (VER49009),IC50,0.14,138,10.1021/jm061277y,"Hartshorn 2007 Table 2, row 85, J Med Chem 50(4) p.735","Novel, potent small molecule inhibitors of the molecular chaperone Hsp90 discovered through structure-based de"
