category,run_id,label,protocol_summary,publishable_tier,notes,n_denominator,n_completed,complete,headline_pass,headline_bcr_pct,search_only_pass,search_only_bcr_pct,seed_echo_passes,seed_echo_frac_of_successes_pct,ini_elitism_passes,ga_cluster_passes,bcr_gate_passes,mean_rmsd_success_angstrom,median_rmsd_success_angstrom,vct_r0,consensus_scorer,native_seed_frac,git_commit,literature_comparable,recommended_for_main_text
FlexAIDdS,v109,v109 tier1 consensus5r,oracle-ceiling,non-standard (oracle-ceiling),Internal record; 46/80 passes are seed_echo ini_elitism,85,85,True,80,94.12,34,40.0,46,57.5,46,20,14,0.472,0.0,,1,0.0,15b536f8,no,False
FlexAIDdS,v127,v127 optB full85,oracle-ceiling + Fix-B logsumexp,non-standard (oracle-ceiling),Fix-B selector; native_seed_frac=0.9,85,85,True,78,91.76,53,62.35,25,32.1,25,33,20,0.756,0.786,4,1,0.90,82ad51f4,partial,False
FlexAIDdS,v128,v128 v50b repro,v50b baseline reproduction,non-standard (pinned old binary),Missing post-v50b bug fixes,85,85,True,66,77.65,43,50.59,23,34.8,0,0,0,0.546,0.519,,1,0.90,efc4f5d,no,False
FlexAIDdS,v130,v130 sulfo+expB full85,oracle-ceiling + sulfo remap + 1HNN expB,non-standard (oracle-ceiling); best search-only,Only 4 seed_echo passes; 81.2% search-only,85,85,True,73,85.88,69,81.18,4,5.5,4,47,22,1.017,0.975,4,1,0.90,bf8cf1d2,partial,True
FlexAIDdS,v129,v129 sulfo smoke (2 targets),smoke,smoke only,1HNN+1T9B,2,2,False,1,50.0,0,0.0,1,100.0,1,0,0,0.0,0.0,4,1,0.90,04ff1735,no,False
FlexAIDdS,v129b,v129b 1HNN expB smoke,smoke,smoke only,1HNN only,1,1,False,1,100.0,1,100.0,0,0.0,0,0,1,1.487,1.487,,,,04ff1735,partial,False
FlexAIDdS,holo_smoke,holo smoke 1G9V+1TW6,smoke pipeline validation,supplementary only,Pipeline fix verification,2,2,False,2,100.0,2,100.0,0,0.0,0,2,0,1.125,1.125,4,1,0.90,b2457774,partial,False
FlexAIDdS,v131,v131_20260629_0835_r07_nofixb_full85,"r0=7, consensus OFF, holo+sulfo+expB",in progress,Chase v109 record with fairer selector,25,25,False,20,80.0,19,76.0,1,5.0,1,8,11,0.861,0.897,7,0,0.90,8864bd17,partial,False
Literature,gold_chemplp_all,GOLD 5 + ChemPLP,Cognate redock; all binding sites; top-ranked; 25 repeats,TIER-1 comparable (cognate),No crystal pose seeding; 6 Å site; waters excluded,85,85,True,69,81.0,69,81.0,0,0.0,0,0,0,,,,,,,yes,True
Literature,gold_chemplp_best,GOLD 5 + ChemPLP (best site),Cognate redock; best site per target selected post hoc,TIER-1 comparable (optimistic site),Best-site selection inflates vs all-sites metric,85,85,True,74,87.0,74,87.0,0,0.0,0,0,0,,,,,,,yes,False
Literature,rdock,rDock,Cognate self-dock,TIER-1 comparable (cognate),Verify against Ruiz-Carmona rDock paper before thesis citation,85,85,True,75,87.8,75,87.8,0,0.0,0,0,0,,,,,,,yes,True
Literature,vina_hartshorn,AutoDock Vina,Cognate redock,TIER-1 comparable (cognate),Classic baseline ~58%,85,85,True,49,57.65,49,57.65,0,0.0,0,0,0,,,,,,,yes,True
Literature,flexaid2015_full,FlexAID 2015,Native self-dock,TIER-1 lineage,Predecessor engine; non-native focus in paper,85,85,True,58,67.9,58,67.9,0,0.0,0,0,0,,,,,,,yes,False
Literature,flexaid2015_ideal,FlexAID 2015 (ideal FLRP subset),Ideal subset top-1,subset only,Not full 85,85,85,True,38,45.2,38,45.2,0,0.0,0,0,0,,,,,,,yes,False
Literature,flexaidds_v50b_t2,FlexAIDdS v50b (oracle cross-dock),TIER-2 oracle cross-dock,TIER-2 only,Non-cognate receptor; NOT cognate redock,85,85,True,69,81.18,69,81.18,0,0.0,0,0,0,,,,,,,yes,False
Literature,surfdock_t2,SurfDock,TIER-2 oracle cross-dock,TIER-2 only,AI method; pocket given,85,85,True,65,77.0,65,77.0,0,0.0,0,0,0,,,,,,,yes,False
