target_pdb,ligand_pdb,ligand_id,ligand_id_basis,target_name,ligand_pdb_name,target_uniprot,ligand_uniprot,pair_status
1hwi,1hww,SWA,SOLE_NON_ADDITIVE_CANDIDATE,HMG-COA REDUCTASE,ALPHA-MANNOSIDASE II,P04035,Q24451,CROSS_PROTEIN_INVALID
1hww,1hwi,115,SOLE_NON_ADDITIVE_CANDIDATE,ALPHA-MANNOSIDASE II,HMG-COA REDUCTASE,Q24451,P04035,CROSS_PROTEIN_INVALID
1oq5,1sq5,PAU,SOLE_NON_ADDITIVE_CANDIDATE,Carbonic anhydrase II,Pantothenate kinase,P00918,P0A6I3,CROSS_PROTEIN_INVALID
1sq5,1oq5,CEL,SOLE_NON_ADDITIVE_CANDIDATE,Pantothenate kinase,Carbonic anhydrase II,P0A6I3,P00918,CROSS_PROTEIN_INVALID
2c5n,2cso,,NO_NONPOLYMER_COMPONENT,CYCLIN A2 + CELL DIVISION PROTEIN KINASE 2,Pleckstrin,P20248;P24941,P08567,CROSS_PROTEIN_INVALID
2cso,2e9p,77A,SOLE_NON_ADDITIVE_CANDIDATE,Pleckstrin,Serine/threonine-protein kinase Chk1,P08567,O14757,CROSS_PROTEIN_INVALID
2e9p,2e9u,A25,SOLE_NON_ADDITIVE_CANDIDATE,Serine/threonine-protein kinase Chk1,Serine/threonine-protein kinase Chk1,O14757,O14757,SAME_PROTEIN
2e9u,2i40,BLZ,SOLE_NON_ADDITIVE_CANDIDATE,Serine/threonine-protein kinase Chk1,Cyclin-A2 + Cell division protein kinase 2,O14757,P20248;P24941,CROSS_PROTEIN_INVALID
2i40,2i78,KIQ,SOLE_NON_ADDITIVE_CANDIDATE,Cyclin-A2 + Cell division protein kinase 2,Dipeptidyl peptidase IV,P20248;P24941,P27487,CROSS_PROTEIN_INVALID
2i78,2oje,,ONLY_ADDITIVES_OR_IONS(PO4),Dipeptidyl peptidase IV,Superantigen + haemagglutinin peptide 306-318 + ...,P27487,P01903;P01911;Q48898;Q91LS8,CROSS_PROTEIN_INVALID
2oje,2ojg,19A,SOLE_NON_ADDITIVE_CANDIDATE,Superantigen + haemagglutinin peptide 306-318 + ...,Mitogen-activated protein kinase 1,P01903;P01911;Q48898;Q91LS8,P28482,CROSS_PROTEIN_INVALID
2ojg,2v00,V15,SOLE_NON_ADDITIVE_CANDIDATE,Mitogen-activated protein kinase 1,ENDOTHIAPEPSIN,P28482,P11838,CROSS_PROTEIN_INVALID
2v00,2wca,NP6,SOLE_NON_ADDITIVE_CANDIDATE,ENDOTHIAPEPSIN,O-GLCNACASE BT_4395,P11838,Q89ZI2,CROSS_PROTEIN_INVALID
2wca,1yvf,PH7,SOLE_NON_ADDITIVE_CANDIDATE,O-GLCNACASE BT_4395,HCV NS5B POLYMERASE,Q89ZI2,O93077,CROSS_PROTEIN_INVALID
1yvf,1sq5,PAU,SOLE_NON_ADDITIVE_CANDIDATE,HCV NS5B POLYMERASE,Pantothenate kinase,O93077,P0A6I3,CROSS_PROTEIN_INVALID
1n2v,2bsm,BSM,SOLE_NON_ADDITIVE_CANDIDATE,Queuine tRNA-ribosyltransferase,HEAT SHOCK PROTEIN HSP90-ALPHA,P28720,P07900,CROSS_PROTEIN_INVALID
2bsm,1n2v,BDI,SOLE_NON_ADDITIVE_CANDIDATE,HEAT SHOCK PROTEIN HSP90-ALPHA,Queuine tRNA-ribosyltransferase,P07900,P28720,CROSS_PROTEIN_INVALID
1r1h,2cl7,XY2,SOLE_NON_ADDITIVE_CANDIDATE,Neprilysin,GTPASE HRAS,P08473,P01112,CROSS_PROTEIN_INVALID
2cl7,2vd0,D27,SOLE_NON_ADDITIVE_CANDIDATE,GTPASE HRAS,GLUTATHIONE-REQUIRING PROSTAGLANDIN D SYNTHASE,P01112,O60760,CROSS_PROTEIN_INVALID
2vd0,2vd1,D28,SOLE_NON_ADDITIVE_CANDIDATE,GLUTATHIONE-REQUIRING PROSTAGLANDIN D SYNTHASE,GLUTATHIONE-REQUIRING PROSTAGLANDIN D SYNTHASE,O60760,O60760,SAME_PROTEIN
2vd1,2gss,EAA,SOLE_NON_ADDITIVE_CANDIDATE,GLUTATHIONE-REQUIRING PROSTAGLANDIN D SYNTHASE,GLUTATHIONE S-TRANSFERASE P1-1,O60760,P09211,CROSS_PROTEIN_INVALID
2gss,2gtv,TSA,SOLE_NON_ADDITIVE_CANDIDATE,GLUTATHIONE S-TRANSFERASE P1-1,chorismate mutase,P09211,Q57696,CROSS_PROTEIN_INVALID
2gtv,1r1h,BIR,SOLE_NON_ADDITIVE_CANDIDATE,chorismate mutase,Neprilysin,Q57696,P08473,CROSS_PROTEIN_INVALID
1t40,1t46,STI,SOLE_NON_ADDITIVE_CANDIDATE,Aldose reductase,Homo sapiens v-kit Hardy-Zuckerman 4 feline sarcoma viral oncogene homolog,P15121,P10721,CROSS_PROTEIN_INVALID
1t46,1y6b,AAX,SOLE_NON_ADDITIVE_CANDIDATE,Homo sapiens v-kit Hardy-Zuckerman 4 feline sarcoma viral oncogene homolog,Vascular endothelial growth factor receptor 2,P10721,P35968,CROSS_PROTEIN_INVALID
1y6b,2cs2,,ONLY_ADDITIVES_OR_IONS(ZN),Vascular endothelial growth factor receptor 2,Poly [ADP-ribose] polymerase-1,P35968,P09874,CROSS_PROTEIN_INVALID
2cs2,2bm2,PM2,SOLE_NON_ADDITIVE_CANDIDATE,Poly [ADP-ribose] polymerase-1,HUMAN BETA2 TRYPTASE,P09874,P20231,CROSS_PROTEIN_INVALID
2bm2,2hfw,,ONLY_ADDITIVES_OR_IONS(ZN),HUMAN BETA2 TRYPTASE,Carbonic anhydrase 3,P20231,P07451,CROSS_PROTEIN_INVALID
2hfw,2hnx,PLM,SOLE_NON_ADDITIVE_CANDIDATE,Carbonic anhydrase 3,"Fatty acid-binding protein, adipocyte",P07451,P15090,CROSS_PROTEIN_INVALID
2hnx,2jdu,MFU,SOLE_NON_ADDITIVE_CANDIDATE,"Fatty acid-binding protein, adipocyte",FUCOSE-BINDING LECTIN PA-IIL,P15090,Q9HYN5,CROSS_PROTEIN_INVALID
2jdu,2r9w,23C,SOLE_NON_ADDITIVE_CANDIDATE,FUCOSE-BINDING LECTIN PA-IIL,Beta-lactamase,Q9HYN5,P00811,CROSS_PROTEIN_INVALID
2r9w,1t40,ID5,SOLE_NON_ADDITIVE_CANDIDATE,Beta-lactamase,Aldose reductase,P00811,P15121,CROSS_PROTEIN_INVALID
1s3v,2c68,CT6,SOLE_NON_ADDITIVE_CANDIDATE,Dihydrofolate reductase,CELL DIVISION PROTEIN KINASE 2,P00374,P24941,CROSS_PROTEIN_INVALID
2c68,2c69,CT8,SOLE_NON_ADDITIVE_CANDIDATE,CELL DIVISION PROTEIN KINASE 2,CELL DIVISION PROTEIN KINASE 2,P24941,P24941,SAME_PROTEIN
2c69,2cnj,,NO_NONPOLYMER_COMPONENT,CELL DIVISION PROTEIN KINASE 2,CATION-INDEPENDENT MANNOSE-6-PHOSPHATE RECEPTOR,P24941,P11717,CROSS_PROTEIN_INVALID
2cnj,2cnk,,NO_NONPOLYMER_COMPONENT,CATION-INDEPENDENT MANNOSE-6-PHOSPHATE RECEPTOR,AZA-PEPTIDE EXPOXIDE + CASPASE-3 P12 SUBUNIT + ...,P11717,P42574,CROSS_PROTEIN_INVALID
2cnk,2cnl,,NO_NONPOLYMER_COMPONENT,AZA-PEPTIDE EXPOXIDE + CASPASE-3 P12 SUBUNIT + ...,AZA-PEPTIDE EPOXIDE + CASPASE-3 SUBUNIT P12 + ...,P42574,P42574,SAME_PROTEIN
2cnl,2cnm,,ONLY_ADDITIVES_OR_IONS(COA),AZA-PEPTIDE EPOXIDE + CASPASE-3 SUBUNIT P12 + ...,30S RIBOSOMAL PROTEIN S18 + MODIFICATION OF 30S RIBOSOMAL SUBUNIT PROTEIN S18,P42574,Q8ZJW4;Q8ZK81,CROSS_PROTEIN_INVALID
2cnm,2cnn,,NO_NONPOLYMER_COMPONENT,30S RIBOSOMAL PROTEIN S18 + MODIFICATION OF 30S RIBOSOMAL SUBUNIT PROTEIN S18,AZA-PEPTIDE EXPOXIDE + Caspase-3 + ...,Q8ZJW4;Q8ZK81,P42574,CROSS_PROTEIN_INVALID
2cnn,2cno,,NO_NONPOLYMER_COMPONENT,AZA-PEPTIDE EXPOXIDE + Caspase-3 + ...,Aza-peptide epoxide + Caspase-3 + ...,P42574,P42574,SAME_PROTEIN
2cno,2cnp,,NO_NONPOLYMER_COMPONENT,Aza-peptide epoxide + Caspase-3 + ...,CALCYCLIN,P42574,P30801,CROSS_PROTEIN_INVALID
2cnp,2fxs,RDA,SOLE_NON_ADDITIVE_CANDIDATE,CALCYCLIN,ATP-dependent molecular chaperone HSP82,P30801,P02829,CROSS_PROTEIN_INVALID
2fxs,2fxt,,NO_NONPOLYMER_COMPONENT,ATP-dependent molecular chaperone HSP82,Import inner membrane translocase subunit TIM44,P02829,Q01852,CROSS_PROTEIN_INVALID
2fxt,2fxx,,NOT_IN_PDB,Import inner membrane translocase subunit TIM44,,Q01852,,UNDETERMINED_MEMBER_NOT_IN_PDB
2fxx,2j62,GSZ,SOLE_NON_ADDITIVE_CANDIDATE,,O-GlcNAcase NagJ,,Q0TR53,UNDETERMINED_MEMBER_NOT_IN_PDB
2j62,2j7h,AZF,SOLE_NON_ADDITIVE_CANDIDATE,O-GlcNAcase NagJ,BETA-GLUCOSIDASE A,Q0TR53,Q08638,CROSS_PROTEIN_INVALID
2j7h,2vci,2GJ,SOLE_NON_ADDITIVE_CANDIDATE,BETA-GLUCOSIDASE A,HEAT SHOCK PROTEIN HSP 90-ALPHA,Q08638,P07900,CROSS_PROTEIN_INVALID
2vci,2vcj,2EQ,SOLE_NON_ADDITIVE_CANDIDATE,HEAT SHOCK PROTEIN HSP 90-ALPHA,HEAT SHOCK PROTEIN HSP 90-ALPHA,P07900,P07900,SAME_PROTEIN
2vcj,2wnc,TKT,SOLE_NON_ADDITIVE_CANDIDATE,HEAT SHOCK PROTEIN HSP 90-ALPHA,Soluble acetylcholine receptor,P07900,Q8WSF8,CROSS_PROTEIN_INVALID
2wnc,2wnd,,ONLY_ADDITIVES_OR_IONS(ZN/CA),Soluble acetylcholine receptor,PROTEIN S100-A7,Q8WSF8,P31151,CROSS_PROTEIN_INVALID
2wnd,2wne,,NO_NONPOLYMER_COMPONENT,PROTEIN S100-A7,PUTATIVE LAMINARINASE,P31151,Q874E3,CROSS_PROTEIN_INVALID
2wne,1s3v,TQD,SOLE_NON_ADDITIVE_CANDIDATE,PUTATIVE LAMINARINASE,Dihydrofolate reductase,Q874E3,P00374,CROSS_PROTEIN_INVALID
1u1b,1u1c,BAU,SOLE_NON_ADDITIVE_CANDIDATE,"Ribonuclease, pancreatic",Uridine phosphorylase,P61823,P12758,CROSS_PROTEIN_INVALID
1u1c,1u1b,PAX,SOLE_NON_ADDITIVE_CANDIDATE,Uridine phosphorylase,"Ribonuclease, pancreatic",P12758,P61823,CROSS_PROTEIN_INVALID
1hwi,1uml,FR4,SOLE_NON_ADDITIVE_CANDIDATE,HMG-COA REDUCTASE,Adenosine deaminase,P04035,P56658,CROSS_PROTEIN_INVALID
1uml,1ydr,IQP,SOLE_NON_ADDITIVE_CANDIDATE,Adenosine deaminase,PROTEIN KINASE INHIBITOR PEPTIDE + C-AMP-DEPENDENT PROTEIN KINASE,P56658,P00517;P61925,CROSS_PROTEIN_INVALID
1ydr,2c3i,IYZ,SOLE_NON_ADDITIVE_CANDIDATE,PROTEIN KINASE INHIBITOR PEPTIDE + C-AMP-DEPENDENT PROTEIN KINASE,PROTO-ONCOGENE SERINE THREONINE PROTEIN KINASE PIM1 + PIMTIDE,P00517;P61925,P11309,CROSS_PROTEIN_INVALID
2c3i,2hb1,512,SOLE_NON_ADDITIVE_CANDIDATE,PROTO-ONCOGENE SERINE THREONINE PROTEIN KINASE PIM1 + PIMTIDE,Tyrosine-protein phosphatase non-receptor type 1,P11309,P18031,CROSS_PROTEIN_INVALID
2hb1,2i0e,PDS,SOLE_NON_ADDITIVE_CANDIDATE,Tyrosine-protein phosphatase non-receptor type 1,Protein Kinase C-beta II,P18031,P05771,CROSS_PROTEIN_INVALID
2i0e,2jdm,MFU,SOLE_NON_ADDITIVE_CANDIDATE,Protein Kinase C-beta II,FUCOSE-BINDING LECTIN PA-IIL,P05771,Q9HYN5,CROSS_PROTEIN_INVALID
2jdm,1hwi,115,SOLE_NON_ADDITIVE_CANDIDATE,FUCOSE-BINDING LECTIN PA-IIL,HMG-COA REDUCTASE,Q9HYN5,P04035,CROSS_PROTEIN_INVALID
1r55,2ck3,,ONLY_ADDITIVES_OR_IONS(AZI/ADP/MG/ANP/PO4),ADAM 33,"ATP SYNTHASE SUBUNIT EPSILON, MITOCHONDRIAL + ATP SYNTHASE SUBUNIT DELTA, MITOCHONDRIAL + ...",Q9BZ11,P00829;P05630;P05631;P05632;P19483,CROSS_PROTEIN_INVALID
2ck3,2cn0,F25,SOLE_NON_ADDITIVE_CANDIDATE,"ATP SYNTHASE SUBUNIT EPSILON, MITOCHONDRIAL + ATP SYNTHASE SUBUNIT DELTA, MITOCHONDRIAL + ...",PROTHROMBIN PRECURSOR + HIRUDIN IIA + ...,P00829;P05630;P05631;P05632;P19483,P00734;P09945,CROSS_PROTEIN_INVALID
2cn0,2j94,G15,SOLE_NON_ADDITIVE_CANDIDATE,PROTHROMBIN PRECURSOR + HIRUDIN IIA + ...,COAGULATION FACTOR X + COAGULATION FACTOR X,P00734;P09945,P00742,CROSS_PROTEIN_INVALID
2j94,2wbg,LGS,SOLE_NON_ADDITIVE_CANDIDATE,COAGULATION FACTOR X + COAGULATION FACTOR X,BETA-GLUCOSIDASE A,P00742,Q08638,CROSS_PROTEIN_INVALID
2wbg,1tt1,KAI,SOLE_NON_ADDITIVE_CANDIDATE,BETA-GLUCOSIDASE A,"Glutamate receptor, ionotropic kainate 2",Q08638,P42260,CROSS_PROTEIN_INVALID
1tt1,1r55,097,SOLE_NON_ADDITIVE_CANDIDATE,"Glutamate receptor, ionotropic kainate 2",ADAM 33,P42260,Q9BZ11,CROSS_PROTEIN_INVALID
1w2g,1xd0,ARE,SOLE_NON_ADDITIVE_CANDIDATE,THYMIDYLATE KINASE TMK,Alpha-amylase,P9WKE1,P04746,CROSS_PROTEIN_INVALID
1xd0,1xgj,HTC,SOLE_NON_ADDITIVE_CANDIDATE,Alpha-amylase,Beta-lactamase,P04746,P00811,CROSS_PROTEIN_INVALID
1xgj,2bv9,,NO_NONPOLYMER_COMPONENT,Beta-lactamase,ENDOGLUCANASE H,P00811,P16218,CROSS_PROTEIN_INVALID
2bv9,2cqz,,ONLY_ADDITIVES_OR_IONS(NI),ENDOGLUCANASE H,177aa long hypothetical protein,P16218,O58085,CROSS_PROTEIN_INVALID
2cqz,2hs1,017,SOLE_NON_ADDITIVE_CANDIDATE,177aa long hypothetical protein,HIV-1 Protease,O58085,P03366,CROSS_PROTEIN_INVALID
2hs1,2w4x,STZ,SOLE_NON_ADDITIVE_CANDIDATE,HIV-1 Protease,O-GLCNACASE BT_4395,P03366,Q89ZI2,CROSS_PROTEIN_INVALID
2w4x,1w2g,THM,SOLE_NON_ADDITIVE_CANDIDATE,O-GLCNACASE BT_4395,THYMIDYLATE KINASE TMK,Q89ZI2,P9WKE1,CROSS_PROTEIN_INVALID
