pdb_id,ligand_title,ligand_source,apo_path,deposit_path,ligand_path,apo_exists,deposit_exists,ligand_exists,identical_sha_to_deposit,apo_identical_to_deposit,deposit_sha256,apo_sha256,ligand_atoms_in_apo,ligand_residues_in_apo,ligand_chains_in_apo,ligand_hetatm_names,nonstd_hetatm_residues,nonstd_hetatm_atoms,coord_match_atoms,status,pass_fail,notes,fix_planned,fix_atoms_planned,fix_applied,fix_atoms_removed
1G9V,RQ3,sdf,benchmarks/astex_diverse/astex_diverse/1G9V/1G9V_apo.pdb,benchmarks/astex_diverse/astex_diverse/1G9V/1G9V.pdb,benchmarks/astex_diverse/astex_diverse/1G9V/1G9V_ligand.sdf,True,True,True,True,True,c5c2dbac4f737a3d381eb0c6ea08f67f8ae0c42a418db351ae63606fec46ff7b,c5c2dbac4f737a3d381eb0c6ea08f67f8ae0c42a418db351ae63606fec46ff7b,0,0,,,,0,0,pass,pass,apo_byte_identical_to_deposit;identity_ok_if_ligand_absent_from_pdb,False,0,False,0
1GM8,SOX,sdf,benchmarks/astex_diverse/astex_diverse/1GM8/1GM8_apo.pdb,benchmarks/astex_diverse/astex_diverse/1GM8/1GM8.pdb,benchmarks/astex_diverse/astex_diverse/1GM8/1GM8_ligand.sdf,True,True,True,True,True,0f4517ff2026a48b993302fbf6a6930130126294c3f56d8d4089e6995f5bc49b,0f4517ff2026a48b993302fbf6a6930130126294c3f56d8d4089e6995f5bc49b,0,0,,,,0,0,pass,pass,apo_byte_identical_to_deposit;identity_ok_if_ligand_absent_from_pdb,False,0,False,0
1GPK,HUP,sdf,benchmarks/astex_diverse/astex_diverse/1GPK/1GPK_apo.pdb,benchmarks/astex_diverse/astex_diverse/1GPK/1GPK.pdb,benchmarks/astex_diverse/astex_diverse/1GPK/1GPK_ligand.sdf,True,True,True,True,True,8f846001b4c4641aaaf3620fa5d29d02c7c754c0e457f26c00b936f135e337c0,8f846001b4c4641aaaf3620fa5d29d02c7c754c0e457f26c00b936f135e337c0,0,0,,,,0,0,pass,pass,apo_byte_identical_to_deposit;identity_ok_if_ligand_absent_from_pdb,False,0,False,0
1HNN,SKF,sdf,benchmarks/astex_diverse/astex_diverse/1HNN/1HNN_apo.pdb,benchmarks/astex_diverse/astex_diverse/1HNN/1HNN.pdb,benchmarks/astex_diverse/astex_diverse/1HNN/1HNN_ligand.sdf,True,True,True,True,True,b4645c9aab3f60f50bde9ad5c2edceedb93f872ca35bfdc41220ecde13aaea8a,b4645c9aab3f60f50bde9ad5c2edceedb93f872ca35bfdc41220ecde13aaea8a,0,0,,,,0,0,pass,pass,apo_byte_identical_to_deposit;identity_ok_if_ligand_absent_from_pdb,False,0,False,0
1HP0,AD3,sdf,benchmarks/astex_diverse/astex_diverse/1HP0/1HP0_apo.pdb,benchmarks/astex_diverse/astex_diverse/1HP0/1HP0.pdb,benchmarks/astex_diverse/astex_diverse/1HP0/1HP0_ligand.sdf,True,True,True,True,True,742aaea87cd04c3f8d2067db60b7feaf495f20e2426cb56852e145280c9f6e69,742aaea87cd04c3f8d2067db60b7feaf495f20e2426cb56852e145280c9f6e69,0,0,,,,0,0,pass,pass,apo_byte_identical_to_deposit;identity_ok_if_ligand_absent_from_pdb,False,0,False,0
1HQ2,APC,sdf,benchmarks/astex_diverse/astex_diverse/1HQ2/1HQ2_apo.pdb,benchmarks/astex_diverse/astex_diverse/1HQ2/1HQ2.pdb,benchmarks/astex_diverse/astex_diverse/1HQ2/1HQ2_ligand.sdf,True,True,True,True,True,162d1379557eac051c750abbd54396fd734cf22bc5972bf5901fd420b2b659f5,162d1379557eac051c750abbd54396fd734cf22bc5972bf5901fd420b2b659f5,0,0,,,,0,0,pass,pass,apo_byte_identical_to_deposit;identity_ok_if_ligand_absent_from_pdb,False,0,False,0
1IA1,TQ3,sdf,benchmarks/astex_diverse/astex_diverse/1IA1/1IA1_apo.pdb,benchmarks/astex_diverse/astex_diverse/1IA1/1IA1.pdb,benchmarks/astex_diverse/astex_diverse/1IA1/1IA1_ligand.sdf,True,True,True,True,True,585078cd665562cc6110b0f6f85341d24edccaa78b9dc48921cc3e61e68ca428,585078cd665562cc6110b0f6f85341d24edccaa78b9dc48921cc3e61e68ca428,0,0,,,,0,0,pass,pass,apo_byte_identical_to_deposit;identity_ok_if_ligand_absent_from_pdb,False,0,False,0
1IGJ,DGX,sdf,benchmarks/astex_diverse/astex_diverse/1IGJ/1IGJ_apo.pdb,benchmarks/astex_diverse/astex_diverse/1IGJ/1IGJ.pdb,benchmarks/astex_diverse/astex_diverse/1IGJ/1IGJ_ligand.sdf,True,True,True,True,True,228f3fdba8ac27d9c14226c74d22fc276b99648b708acd186e053a2837d9e654,228f3fdba8ac27d9c14226c74d22fc276b99648b708acd186e053a2837d9e654,0,0,,,,0,0,pass,pass,apo_byte_identical_to_deposit;identity_ok_if_ligand_absent_from_pdb,False,0,False,0
1J3J,CP6,sdf,benchmarks/astex_diverse/astex_diverse/1J3J/1J3J_apo.pdb,benchmarks/astex_diverse/astex_diverse/1J3J/1J3J.pdb,benchmarks/astex_diverse/astex_diverse/1J3J/1J3J_ligand.sdf,True,True,True,True,True,89ad3e3b4da9228f3ea63e83b13e79dc4aafd04609240d418a44c312e5092a81,89ad3e3b4da9228f3ea63e83b13e79dc4aafd04609240d418a44c312e5092a81,0,0,,,,0,0,pass,pass,apo_byte_identical_to_deposit;identity_ok_if_ligand_absent_from_pdb,False,0,False,0
1JD0,AZM,sdf,benchmarks/astex_diverse/astex_diverse/1JD0/1JD0_apo.pdb,benchmarks/astex_diverse/astex_diverse/1JD0/1JD0.pdb,benchmarks/astex_diverse/astex_diverse/1JD0/1JD0_ligand.sdf,True,True,True,True,True,7f56b1b64dd7729b7d75b4fc7297f3761e7b0749344e808dadb092516d28de4d,7f56b1b64dd7729b7d75b4fc7297f3761e7b0749344e808dadb092516d28de4d,0,0,,,,0,0,pass,pass,apo_byte_identical_to_deposit;identity_ok_if_ligand_absent_from_pdb,False,0,False,0
1JJE,BYS,sdf,benchmarks/astex_diverse/astex_diverse/1JJE/1JJE_apo.pdb,benchmarks/astex_diverse/astex_diverse/1JJE/1JJE.pdb,benchmarks/astex_diverse/astex_diverse/1JJE/1JJE_ligand.sdf,True,True,True,True,True,54e06c674ae1826697979146c6b27098f69d96344fef88c2faded2c3dec06e56,54e06c674ae1826697979146c6b27098f69d96344fef88c2faded2c3dec06e56,0,0,,,,0,0,pass,pass,apo_byte_identical_to_deposit;identity_ok_if_ligand_absent_from_pdb,False,0,False,0
1K3U,IAD,sdf,benchmarks/astex_diverse/astex_diverse/1K3U/1K3U_apo.pdb,benchmarks/astex_diverse/astex_diverse/1K3U/1K3U.pdb,benchmarks/astex_diverse/astex_diverse/1K3U/1K3U_ligand.sdf,True,True,True,True,True,22b881685ce43ce297c47d5dc4f82f81fd755251a028adcb966c45ea00d220aa,22b881685ce43ce297c47d5dc4f82f81fd755251a028adcb966c45ea00d220aa,0,0,,,,0,0,pass,pass,apo_byte_identical_to_deposit;identity_ok_if_ligand_absent_from_pdb,False,0,False,0
1KE5,LS1,sdf,benchmarks/astex_diverse/astex_diverse/1KE5/1KE5_apo.pdb,benchmarks/astex_diverse/astex_diverse/1KE5/1KE5.pdb,benchmarks/astex_diverse/astex_diverse/1KE5/1KE5_ligand.sdf,True,True,True,True,True,c9b830fefc4e645aab624fc3db6b2c10fe27377ad7acbb17ec9e7770fdf9c4be,c9b830fefc4e645aab624fc3db6b2c10fe27377ad7acbb17ec9e7770fdf9c4be,0,0,,,,0,0,pass,pass,apo_byte_identical_to_deposit;identity_ok_if_ligand_absent_from_pdb,False,0,False,0
1KZK,JE2,sdf,benchmarks/astex_diverse/astex_diverse/1KZK/1KZK_apo.pdb,benchmarks/astex_diverse/astex_diverse/1KZK/1KZK.pdb,benchmarks/astex_diverse/astex_diverse/1KZK/1KZK_ligand.sdf,True,True,True,True,True,f600f5f079feb7e5c2ee9892f3a058f915cc487fff36650ee2d2e54eb4da4a6f,f600f5f079feb7e5c2ee9892f3a058f915cc487fff36650ee2d2e54eb4da4a6f,0,0,,,,0,0,pass,pass,apo_byte_identical_to_deposit;identity_ok_if_ligand_absent_from_pdb,False,0,False,0
1L2S,STC,sdf,benchmarks/astex_diverse/astex_diverse/1L2S/1L2S_apo.pdb,benchmarks/astex_diverse/astex_diverse/1L2S/1L2S.pdb,benchmarks/astex_diverse/astex_diverse/1L2S/1L2S_ligand.sdf,True,True,True,True,True,e9bf25a0c1d61a85afd80772b56a405aa1834af29810795b20d02072d97e398a,e9bf25a0c1d61a85afd80772b56a405aa1834af29810795b20d02072d97e398a,0,0,,,,0,0,pass,pass,apo_byte_identical_to_deposit;identity_ok_if_ligand_absent_from_pdb,False,0,False,0
1L7F,BCZ,sdf,benchmarks/astex_diverse/astex_diverse/1L7F/1L7F_apo.pdb,benchmarks/astex_diverse/astex_diverse/1L7F/1L7F.pdb,benchmarks/astex_diverse/astex_diverse/1L7F/1L7F_ligand.sdf,True,True,True,True,True,f5d0aa823cb8ffba12cc935837c70c65e1fd26f074bf312592d4cba149f16053,f5d0aa823cb8ffba12cc935837c70c65e1fd26f074bf312592d4cba149f16053,0,0,,,,0,0,pass,pass,apo_byte_identical_to_deposit;identity_ok_if_ligand_absent_from_pdb,False,0,False,0
1LPZ,CMB,sdf,benchmarks/astex_diverse/astex_diverse/1LPZ/1LPZ_apo.pdb,benchmarks/astex_diverse/astex_diverse/1LPZ/1LPZ.pdb,benchmarks/astex_diverse/astex_diverse/1LPZ/1LPZ_ligand.sdf,True,True,True,True,True,32a9a44e9f24c44afb4173efdefe981d5e1d3b1df9c1f6f6b9a20fece7d6dbed,32a9a44e9f24c44afb4173efdefe981d5e1d3b1df9c1f6f6b9a20fece7d6dbed,0,0,,,,0,0,pass,pass,apo_byte_identical_to_deposit;identity_ok_if_ligand_absent_from_pdb,False,0,False,0
1M2Z,DEX,sdf,benchmarks/astex_diverse/astex_diverse/1M2Z/1M2Z_apo.pdb,benchmarks/astex_diverse/astex_diverse/1M2Z/1M2Z.pdb,benchmarks/astex_diverse/astex_diverse/1M2Z/1M2Z_ligand.sdf,True,True,True,True,True,07106f5280299e39d92c1ac7fd454538c19cb2566d081005e78be6bd7241c660,07106f5280299e39d92c1ac7fd454538c19cb2566d081005e78be6bd7241c660,0,0,,,,0,0,pass,pass,apo_byte_identical_to_deposit;identity_ok_if_ligand_absent_from_pdb,False,0,False,0
1MEH,MOA,sdf,benchmarks/astex_diverse/astex_diverse/1MEH/1MEH_apo.pdb,benchmarks/astex_diverse/astex_diverse/1MEH/1MEH.pdb,benchmarks/astex_diverse/astex_diverse/1MEH/1MEH_ligand.sdf,True,True,True,True,True,349e4e251cc66bafa4ee804e79c94b38bd25bdb54e5342be6c94d0fed9a1f000,349e4e251cc66bafa4ee804e79c94b38bd25bdb54e5342be6c94d0fed9a1f000,0,0,,,,0,0,pass,pass,apo_byte_identical_to_deposit;identity_ok_if_ligand_absent_from_pdb,False,0,False,0
1MQ6,XLD,sdf,benchmarks/astex_diverse/astex_diverse/1MQ6/1MQ6_apo.pdb,benchmarks/astex_diverse/astex_diverse/1MQ6/1MQ6.pdb,benchmarks/astex_diverse/astex_diverse/1MQ6/1MQ6_ligand.sdf,True,True,True,True,True,f723db9bbe57adeb272a207097e1eedce8031657ef03c65e896338502c9aab9e,f723db9bbe57adeb272a207097e1eedce8031657ef03c65e896338502c9aab9e,0,0,,,,0,0,pass,pass,apo_byte_identical_to_deposit;identity_ok_if_ligand_absent_from_pdb,False,0,False,0
1N1M,A3M,sdf,benchmarks/astex_diverse/astex_diverse/1N1M/1N1M_apo.pdb,benchmarks/astex_diverse/astex_diverse/1N1M/1N1M.pdb,benchmarks/astex_diverse/astex_diverse/1N1M/1N1M_ligand.sdf,True,True,True,True,True,9313618529a527e934b83b58103a93ad780e0c41985c66b0d072a81b323e3bee,9313618529a527e934b83b58103a93ad780e0c41985c66b0d072a81b323e3bee,0,0,,,HG:4,4,0,pass,pass,apo_byte_identical_to_deposit;identity_ok_if_ligand_absent_from_pdb,False,0,False,0
1N2J,PAF,sdf,benchmarks/astex_diverse/astex_diverse/1N2J/1N2J_apo.pdb,benchmarks/astex_diverse/astex_diverse/1N2J/1N2J.pdb,benchmarks/astex_diverse/astex_diverse/1N2J/1N2J_ligand.sdf,True,True,True,True,True,7624a0dc6aca17bb6b3b3628d1f5e416dfea06a9b3fb1c5a6e277bc09e8c78e1,7624a0dc6aca17bb6b3b3628d1f5e416dfea06a9b3fb1c5a6e277bc09e8c78e1,0,0,,,,0,0,pass,pass,apo_byte_identical_to_deposit;identity_ok_if_ligand_absent_from_pdb,False,0,False,0
1N2V,BDI,sdf,benchmarks/astex_diverse/astex_diverse/1N2V/1N2V_apo.pdb,benchmarks/astex_diverse/astex_diverse/1N2V/1N2V.pdb,benchmarks/astex_diverse/astex_diverse/1N2V/1N2V_ligand.sdf,True,True,True,True,True,be9a19112e2187b87c177c99718f025f9d106b03aa61e1ef6c17e5f9b62cea2c,be9a19112e2187b87c177c99718f025f9d106b03aa61e1ef6c17e5f9b62cea2c,0,0,,,,0,0,pass,pass,apo_byte_identical_to_deposit;identity_ok_if_ligand_absent_from_pdb,False,0,False,0
1N46,PFA,sdf,benchmarks/astex_diverse/astex_diverse/1N46/1N46_apo.pdb,benchmarks/astex_diverse/astex_diverse/1N46/1N46.pdb,benchmarks/astex_diverse/astex_diverse/1N46/1N46_ligand.sdf,True,True,True,True,True,b826924dc84571834990b9be8945f8d03ddde85ae2db6a014ad11fc6f738033d,b826924dc84571834990b9be8945f8d03ddde85ae2db6a014ad11fc6f738033d,0,0,,,,0,0,pass,pass,apo_byte_identical_to_deposit;identity_ok_if_ligand_absent_from_pdb,False,0,False,0
1NAV,IH5,sdf,benchmarks/astex_diverse/astex_diverse/1NAV/1NAV_apo.pdb,benchmarks/astex_diverse/astex_diverse/1NAV/1NAV.pdb,benchmarks/astex_diverse/astex_diverse/1NAV/1NAV_ligand.sdf,True,True,True,True,True,e39197a2c94d4f3a4b25036abbc8f30d5602df90e629a51a48fcdf15dab47fc7,e39197a2c94d4f3a4b25036abbc8f30d5602df90e629a51a48fcdf15dab47fc7,0,0,,,,0,0,pass,pass,apo_byte_identical_to_deposit;identity_ok_if_ligand_absent_from_pdb,False,0,False,0
1OF1,SCT,sdf,benchmarks/astex_diverse/astex_diverse/1OF1/1OF1_apo.pdb,benchmarks/astex_diverse/astex_diverse/1OF1/1OF1.pdb,benchmarks/astex_diverse/astex_diverse/1OF1/1OF1_ligand.sdf,True,True,True,True,True,d886013bf6f528c56cc1dce2fdcd3261b38cea609b85140faeeeaf3ed05662f4,d886013bf6f528c56cc1dce2fdcd3261b38cea609b85140faeeeaf3ed05662f4,0,0,,,,0,0,pass,pass,apo_byte_identical_to_deposit;identity_ok_if_ligand_absent_from_pdb,False,0,False,0
1OF6,DTY,sdf,benchmarks/astex_diverse/astex_diverse/1OF6/1OF6_apo.pdb,benchmarks/astex_diverse/astex_diverse/1OF6/1OF6.pdb,benchmarks/astex_diverse/astex_diverse/1OF6/1OF6_ligand.sdf,True,True,True,True,True,bc99c2b4618e350bf8f8dcff15fb808d8c49b008e906e60b7b94fbd1f81dcdd2,bc99c2b4618e350bf8f8dcff15fb808d8c49b008e906e60b7b94fbd1f81dcdd2,0,0,,,,0,0,pass,pass,apo_byte_identical_to_deposit;identity_ok_if_ligand_absent_from_pdb,False,0,False,0
1OPK,P16,sdf,benchmarks/astex_diverse/astex_diverse/1OPK/1OPK_apo.pdb,benchmarks/astex_diverse/astex_diverse/1OPK/1OPK.pdb,benchmarks/astex_diverse/astex_diverse/1OPK/1OPK_ligand.sdf,True,True,True,True,True,d8a0dddcb4fa756ecd090b89feb58214df3b9643657059f7b61835952c07c43b,d8a0dddcb4fa756ecd090b89feb58214df3b9643657059f7b61835952c07c43b,0,0,,,,0,0,pass,pass,apo_byte_identical_to_deposit;identity_ok_if_ligand_absent_from_pdb,False,0,False,0
1OQ5,CEL,sdf,benchmarks/astex_diverse/astex_diverse/1OQ5/1OQ5_apo.pdb,benchmarks/astex_diverse/astex_diverse/1OQ5/1OQ5.pdb,benchmarks/astex_diverse/astex_diverse/1OQ5/1OQ5_ligand.sdf,True,True,True,True,True,217b17aecfa1a71e259ee2c33723c827fa9e9e228987427238976b6ea1d02596,217b17aecfa1a71e259ee2c33723c827fa9e9e228987427238976b6ea1d02596,0,0,,,,0,0,pass,pass,apo_byte_identical_to_deposit;identity_ok_if_ligand_absent_from_pdb,False,0,False,0
1OWE,675,sdf,benchmarks/astex_diverse/astex_diverse/1OWE/1OWE_apo.pdb,benchmarks/astex_diverse/astex_diverse/1OWE/1OWE.pdb,benchmarks/astex_diverse/astex_diverse/1OWE/1OWE_ligand.sdf,True,True,True,True,True,b6dad6b0415629425b3aa6be85b28a769f2bae5370adc2452baadbe79da6b3eb,b6dad6b0415629425b3aa6be85b28a769f2bae5370adc2452baadbe79da6b3eb,0,0,,,,0,0,pass,pass,apo_byte_identical_to_deposit;identity_ok_if_ligand_absent_from_pdb,False,0,False,0
1P2Y,NCT,sdf,benchmarks/astex_diverse/astex_diverse/1P2Y/1P2Y_apo.pdb,benchmarks/astex_diverse/astex_diverse/1P2Y/1P2Y.pdb,benchmarks/astex_diverse/astex_diverse/1P2Y/1P2Y_ligand.sdf,True,True,True,True,True,c601b481fcc232f1b88132c4a280627cecadc59242694ff2306bdc1d7f6a39ab,c601b481fcc232f1b88132c4a280627cecadc59242694ff2306bdc1d7f6a39ab,0,0,,,,0,0,pass,pass,apo_byte_identical_to_deposit;identity_ok_if_ligand_absent_from_pdb,False,0,False,0
1P62,GEO,sdf,benchmarks/astex_diverse/astex_diverse/1P62/1P62_apo.pdb,benchmarks/astex_diverse/astex_diverse/1P62/1P62.pdb,benchmarks/astex_diverse/astex_diverse/1P62/1P62_ligand.sdf,True,True,True,True,True,8dab8497638daa51ae4dfb1ba652e9e614b66659c8f0fa715fc78feba906852c,8dab8497638daa51ae4dfb1ba652e9e614b66659c8f0fa715fc78feba906852c,0,0,,,,0,0,pass,pass,apo_byte_identical_to_deposit;identity_ok_if_ligand_absent_from_pdb,False,0,False,0
1PMN,984,sdf,benchmarks/astex_diverse/astex_diverse/1PMN/1PMN_apo.pdb,benchmarks/astex_diverse/astex_diverse/1PMN/1PMN.pdb,benchmarks/astex_diverse/astex_diverse/1PMN/1PMN_ligand.sdf,True,True,True,True,True,5d325e6481e0d6e4cbe5d6d930efd3a6bb7130811f89cf69ece044b2e2da8c31,5d325e6481e0d6e4cbe5d6d930efd3a6bb7130811f89cf69ece044b2e2da8c31,0,0,,,,0,0,pass,pass,apo_byte_identical_to_deposit;identity_ok_if_ligand_absent_from_pdb,False,0,False,0
1Q1G,MTI,sdf,benchmarks/astex_diverse/astex_diverse/1Q1G/1Q1G_apo.pdb,benchmarks/astex_diverse/astex_diverse/1Q1G/1Q1G.pdb,benchmarks/astex_diverse/astex_diverse/1Q1G/1Q1G_ligand.sdf,True,True,True,True,True,19f3ea396767fd65607fa3cc7d682ee43cea52e7fdd4cc19905640c36ebfb422,19f3ea396767fd65607fa3cc7d682ee43cea52e7fdd4cc19905640c36ebfb422,0,0,,,,0,0,pass,pass,apo_byte_identical_to_deposit;identity_ok_if_ligand_absent_from_pdb,False,0,False,0
1Q41,IXM,sdf,benchmarks/astex_diverse/astex_diverse/1Q41/1Q41_apo.pdb,benchmarks/astex_diverse/astex_diverse/1Q41/1Q41.pdb,benchmarks/astex_diverse/astex_diverse/1Q41/1Q41_ligand.sdf,True,True,True,True,True,306f673dbc6b7acae742f6045c9cdb7520538fcc2ee26cb56788c6501d81fc85,306f673dbc6b7acae742f6045c9cdb7520538fcc2ee26cb56788c6501d81fc85,0,0,,,,0,0,pass,pass,apo_byte_identical_to_deposit;identity_ok_if_ligand_absent_from_pdb,False,0,False,0
1Q4G,BFL,sdf,benchmarks/astex_diverse/astex_diverse/1Q4G/1Q4G_apo.pdb,benchmarks/astex_diverse/astex_diverse/1Q4G/1Q4G.pdb,benchmarks/astex_diverse/astex_diverse/1Q4G/1Q4G_ligand.sdf,True,True,True,True,True,ff1b5262fbc8da4674bc1e14b633e4aa6f6ab6c550b1bd709f4e781522aa8bf1,ff1b5262fbc8da4674bc1e14b633e4aa6f6ab6c550b1bd709f4e781522aa8bf1,0,0,,,,0,0,pass,pass,apo_byte_identical_to_deposit;identity_ok_if_ligand_absent_from_pdb,False,0,False,0
1R1H,BIR,sdf,benchmarks/astex_diverse/astex_diverse/1R1H/1R1H_apo.pdb,benchmarks/astex_diverse/astex_diverse/1R1H/1R1H.pdb,benchmarks/astex_diverse/astex_diverse/1R1H/1R1H_ligand.sdf,True,True,True,True,True,70dd34fd3c04f89b573088089ca3449d5f303d784a25d7066a1acae7d09823d6,70dd34fd3c04f89b573088089ca3449d5f303d784a25d7066a1acae7d09823d6,0,0,,,,0,0,pass,pass,apo_byte_identical_to_deposit;identity_ok_if_ligand_absent_from_pdb,False,0,False,0
1R55,097,sdf,benchmarks/astex_diverse/astex_diverse/1R55/1R55_apo.pdb,benchmarks/astex_diverse/astex_diverse/1R55/1R55.pdb,benchmarks/astex_diverse/astex_diverse/1R55/1R55_ligand.sdf,True,True,True,True,True,6227639e1ccfc91ae25cdb63d14c265f5bc9623c9a4e01062d6bad883978651c,6227639e1ccfc91ae25cdb63d14c265f5bc9623c9a4e01062d6bad883978651c,0,0,,,,0,0,pass,pass,apo_byte_identical_to_deposit;identity_ok_if_ligand_absent_from_pdb,False,0,False,0
1R58,AO5,sdf,benchmarks/astex_diverse/astex_diverse/1R58/1R58_apo.pdb,benchmarks/astex_diverse/astex_diverse/1R58/1R58.pdb,benchmarks/astex_diverse/astex_diverse/1R58/1R58_ligand.sdf,True,True,True,True,True,b08c1492ca15984d82393daca07981c14020d49a50fa22d0a28f4a627eb3e074,b08c1492ca15984d82393daca07981c14020d49a50fa22d0a28f4a627eb3e074,0,0,,,,0,0,pass,pass,apo_byte_identical_to_deposit;identity_ok_if_ligand_absent_from_pdb,False,0,False,0
1R9O,FLP,sdf,benchmarks/astex_diverse/astex_diverse/1R9O/1R9O_apo.pdb,benchmarks/astex_diverse/astex_diverse/1R9O/1R9O.pdb,benchmarks/astex_diverse/astex_diverse/1R9O/1R9O_ligand.sdf,True,True,True,True,True,e2d2fc3be5f1b3535722f725bb23410c5bbfce01f892816e9de24e4262d7b377,e2d2fc3be5f1b3535722f725bb23410c5bbfce01f892816e9de24e4262d7b377,0,0,,,,0,0,pass,pass,apo_byte_identical_to_deposit;identity_ok_if_ligand_absent_from_pdb,False,0,False,0
1S19,MC9,sdf,benchmarks/astex_diverse/astex_diverse/1S19/1S19_apo.pdb,benchmarks/astex_diverse/astex_diverse/1S19/1S19.pdb,benchmarks/astex_diverse/astex_diverse/1S19/1S19_ligand.sdf,True,True,True,True,True,6e78242b0e4915e6d8ee140ed2ef3ef20cb1e5902b2d2c5c50dc905ef584db08,6e78242b0e4915e6d8ee140ed2ef3ef20cb1e5902b2d2c5c50dc905ef584db08,0,0,,,,0,0,pass,pass,apo_byte_identical_to_deposit;identity_ok_if_ligand_absent_from_pdb,False,0,False,0
1S3V,TQD,sdf,benchmarks/astex_diverse/astex_diverse/1S3V/1S3V_apo.pdb,benchmarks/astex_diverse/astex_diverse/1S3V/1S3V.pdb,benchmarks/astex_diverse/astex_diverse/1S3V/1S3V_ligand.sdf,True,True,True,True,True,3a19fdef2fb15d4e6f30e25bcb97fa57577f8b759997f4afa8c899571d6fafa7,3a19fdef2fb15d4e6f30e25bcb97fa57577f8b759997f4afa8c899571d6fafa7,0,0,,,,0,0,pass,pass,apo_byte_identical_to_deposit;identity_ok_if_ligand_absent_from_pdb,False,0,False,0
1SG0,STL,sdf,benchmarks/astex_diverse/astex_diverse/1SG0/1SG0_apo.pdb,benchmarks/astex_diverse/astex_diverse/1SG0/1SG0.pdb,benchmarks/astex_diverse/astex_diverse/1SG0/1SG0_ligand.sdf,True,True,True,True,True,3320dd2d7fd411073e3e75c5b9e89875cb99908a85fef28e11ced1e7027237e4,3320dd2d7fd411073e3e75c5b9e89875cb99908a85fef28e11ced1e7027237e4,0,0,,,,0,0,pass,pass,apo_byte_identical_to_deposit;identity_ok_if_ligand_absent_from_pdb,False,0,False,0
1SJ0,E4D,sdf,benchmarks/astex_diverse/astex_diverse/1SJ0/1SJ0_apo.pdb,benchmarks/astex_diverse/astex_diverse/1SJ0/1SJ0.pdb,benchmarks/astex_diverse/astex_diverse/1SJ0/1SJ0_ligand.sdf,True,True,True,True,True,649024a5bb689e6decb51af76a1d43f300073b7073a6d8fcd38b416c444f9c98,649024a5bb689e6decb51af76a1d43f300073b7073a6d8fcd38b416c444f9c98,0,0,,,,0,0,pass,pass,apo_byte_identical_to_deposit;identity_ok_if_ligand_absent_from_pdb,False,0,False,0
1SQ5,PAU,sdf,benchmarks/astex_diverse/astex_diverse/1SQ5/1SQ5_apo.pdb,benchmarks/astex_diverse/astex_diverse/1SQ5/1SQ5.pdb,benchmarks/astex_diverse/astex_diverse/1SQ5/1SQ5_ligand.sdf,True,True,True,True,True,ebf82a4f7090ec42ecdcfa94a251390dcb1af88f5b6f9a01a1a0cd6649fea9b9,ebf82a4f7090ec42ecdcfa94a251390dcb1af88f5b6f9a01a1a0cd6649fea9b9,0,0,,,,0,0,pass,pass,apo_byte_identical_to_deposit;identity_ok_if_ligand_absent_from_pdb,False,0,False,0
1T40,ID5,sdf,benchmarks/astex_diverse/astex_diverse/1T40/1T40_apo.pdb,benchmarks/astex_diverse/astex_diverse/1T40/1T40.pdb,benchmarks/astex_diverse/astex_diverse/1T40/1T40_ligand.sdf,True,True,True,True,True,aafe3a007a9481b728c417c7c905a0942393335a7b5912d96da04e1da3b38abd,aafe3a007a9481b728c417c7c905a0942393335a7b5912d96da04e1da3b38abd,0,0,,,,0,0,pass,pass,apo_byte_identical_to_deposit;identity_ok_if_ligand_absent_from_pdb,False,0,False,0
1T46,STI,sdf,benchmarks/astex_diverse/astex_diverse/1T46/1T46_apo.pdb,benchmarks/astex_diverse/astex_diverse/1T46/1T46.pdb,benchmarks/astex_diverse/astex_diverse/1T46/1T46_ligand.sdf,True,True,True,True,True,11ef923f2a2335c123f99a738efd0a9114c112226c252e7cf2b2054f5823441f,11ef923f2a2335c123f99a738efd0a9114c112226c252e7cf2b2054f5823441f,0,0,,,,0,0,pass,pass,apo_byte_identical_to_deposit;identity_ok_if_ligand_absent_from_pdb,False,0,False,0
1T9B,1CS,sdf,benchmarks/astex_diverse/astex_diverse/1T9B/1T9B_apo.pdb,benchmarks/astex_diverse/astex_diverse/1T9B/1T9B.pdb,benchmarks/astex_diverse/astex_diverse/1T9B/1T9B_ligand.sdf,True,True,True,True,True,d16a0c5923106bc00409d1e86242a1f0ae130d3ded6e5e0e2f57c6e8e34cdef2,d16a0c5923106bc00409d1e86242a1f0ae130d3ded6e5e0e2f57c6e8e34cdef2,0,0,,,,0,0,pass,pass,apo_byte_identical_to_deposit;identity_ok_if_ligand_absent_from_pdb,False,0,False,0
1TT1,KAI,sdf,benchmarks/astex_diverse/astex_diverse/1TT1/1TT1_apo.pdb,benchmarks/astex_diverse/astex_diverse/1TT1/1TT1.pdb,benchmarks/astex_diverse/astex_diverse/1TT1/1TT1_ligand.sdf,True,True,True,True,True,d929335b25125aa27923c0715f811327345697de3d6a66875135b1afd3f98784,d929335b25125aa27923c0715f811327345697de3d6a66875135b1afd3f98784,0,0,,,,0,0,pass,pass,apo_byte_identical_to_deposit;identity_ok_if_ligand_absent_from_pdb,False,0,False,0
1TW6,ALA,sdf,benchmarks/astex_diverse/astex_diverse/1TW6/1TW6_apo.pdb,benchmarks/astex_diverse/astex_diverse/1TW6/1TW6.pdb,benchmarks/astex_diverse/astex_diverse/1TW6/1TW6_ligand.sdf,True,True,True,False,False,29debf208e26fee7888265c9784ccc48dbde830006181eecca210ef999702f31,7f912e23102eb8e651511f9ab9506904574f7c2e912aef8a8b4520a6244c1571,0,0,,,,0,0,pass,pass,peptide_like_ligand_title,False,0,False,0
1TZ8,DES,sdf,benchmarks/astex_diverse/astex_diverse/1TZ8/1TZ8_apo.pdb,benchmarks/astex_diverse/astex_diverse/1TZ8/1TZ8.pdb,benchmarks/astex_diverse/astex_diverse/1TZ8/1TZ8_ligand.sdf,True,True,True,True,True,c5c1b46b5cd0e416981b48b1cf058de909d994b483a952ddf6a498c91b6b00f7,c5c1b46b5cd0e416981b48b1cf058de909d994b483a952ddf6a498c91b6b00f7,0,0,,,,0,0,pass,pass,apo_byte_identical_to_deposit;identity_ok_if_ligand_absent_from_pdb,False,0,False,0
1U1C,BAU,sdf,benchmarks/astex_diverse/astex_diverse/1U1C/1U1C_apo.pdb,benchmarks/astex_diverse/astex_diverse/1U1C/1U1C.pdb,benchmarks/astex_diverse/astex_diverse/1U1C/1U1C_ligand.sdf,True,True,True,True,True,d3ac679da3a7c901639f6d33bb62584eadb70c8f9d96140ff541d6c12c5ded07,d3ac679da3a7c901639f6d33bb62584eadb70c8f9d96140ff541d6c12c5ded07,0,0,,,,0,0,pass,pass,apo_byte_identical_to_deposit;identity_ok_if_ligand_absent_from_pdb,False,0,False,0
1U4D,DBQ,sdf,benchmarks/astex_diverse/astex_diverse/1U4D/1U4D_apo.pdb,benchmarks/astex_diverse/astex_diverse/1U4D/1U4D.pdb,benchmarks/astex_diverse/astex_diverse/1U4D/1U4D_ligand.sdf,True,True,True,True,True,739a0ddc6fbf09f2e5d356cd624040e386e8bdf79eec4ea0f4ad7a90581f9d05,739a0ddc6fbf09f2e5d356cd624040e386e8bdf79eec4ea0f4ad7a90581f9d05,0,0,,,,0,0,pass,pass,apo_byte_identical_to_deposit;identity_ok_if_ligand_absent_from_pdb,False,0,False,0
1UML,FR4,sdf,benchmarks/astex_diverse/astex_diverse/1UML/1UML_apo.pdb,benchmarks/astex_diverse/astex_diverse/1UML/1UML.pdb,benchmarks/astex_diverse/astex_diverse/1UML/1UML_ligand.sdf,True,True,True,True,True,6c0bf90ee50cf808737397f3f14dadf50223afd76aadc2db9132226724247acf,6c0bf90ee50cf808737397f3f14dadf50223afd76aadc2db9132226724247acf,0,0,,,,0,0,pass,pass,apo_byte_identical_to_deposit;identity_ok_if_ligand_absent_from_pdb,False,0,False,0
1UNL,RRC,sdf,benchmarks/astex_diverse/astex_diverse/1UNL/1UNL_apo.pdb,benchmarks/astex_diverse/astex_diverse/1UNL/1UNL.pdb,benchmarks/astex_diverse/astex_diverse/1UNL/1UNL_ligand.sdf,True,True,True,True,True,818342c35c34d78c9ceeb46690ed5553a70929c020047653bc4d025430383193,818342c35c34d78c9ceeb46690ed5553a70929c020047653bc4d025430383193,0,0,,,,0,0,pass,pass,apo_byte_identical_to_deposit;identity_ok_if_ligand_absent_from_pdb,False,0,False,0
1UOU,CMU,sdf,benchmarks/astex_diverse/astex_diverse/1UOU/1UOU_apo.pdb,benchmarks/astex_diverse/astex_diverse/1UOU/1UOU.pdb,benchmarks/astex_diverse/astex_diverse/1UOU/1UOU_ligand.sdf,True,True,True,True,True,ad11c4e65e1c7b69c2cd3090201d9f9f277bb54cd5583ca03dce074f744622b1,ad11c4e65e1c7b69c2cd3090201d9f9f277bb54cd5583ca03dce074f744622b1,0,0,,,,0,0,pass,pass,apo_byte_identical_to_deposit;identity_ok_if_ligand_absent_from_pdb,False,0,False,0
1V0P,PVB,sdf,benchmarks/astex_diverse/astex_diverse/1V0P/1V0P_apo.pdb,benchmarks/astex_diverse/astex_diverse/1V0P/1V0P.pdb,benchmarks/astex_diverse/astex_diverse/1V0P/1V0P_ligand.sdf,True,True,True,True,True,20ca9c3e7edc94f8f5f1a724cf3fbce45154f38649c9cf1c449ed1af466e1cea,20ca9c3e7edc94f8f5f1a724cf3fbce45154f38649c9cf1c449ed1af466e1cea,0,0,,,,0,0,pass,pass,apo_byte_identical_to_deposit;identity_ok_if_ligand_absent_from_pdb,False,0,False,0
1V48,HA1,sdf,benchmarks/astex_diverse/astex_diverse/1V48/1V48_apo.pdb,benchmarks/astex_diverse/astex_diverse/1V48/1V48.pdb,benchmarks/astex_diverse/astex_diverse/1V48/1V48_ligand.sdf,True,True,True,True,True,e4600ffe0c4f711abccd431f1cca1722a450c65e5aa6541b8a8aa0d3e4a85866,e4600ffe0c4f711abccd431f1cca1722a450c65e5aa6541b8a8aa0d3e4a85866,0,0,,,,0,0,pass,pass,apo_byte_identical_to_deposit;identity_ok_if_ligand_absent_from_pdb,False,0,False,0
1V4S,MRK,sdf,benchmarks/astex_diverse/astex_diverse/1V4S/1V4S_apo.pdb,benchmarks/astex_diverse/astex_diverse/1V4S/1V4S.pdb,benchmarks/astex_diverse/astex_diverse/1V4S/1V4S_ligand.sdf,True,True,True,True,True,a81fa078f0819d978b42db76a353562f17ab467743861638cad064d7c6bd70e3,a81fa078f0819d978b42db76a353562f17ab467743861638cad064d7c6bd70e3,0,0,,,,0,0,pass,pass,apo_byte_identical_to_deposit;identity_ok_if_ligand_absent_from_pdb,False,0,False,0
1VCJ,IBA,sdf,benchmarks/astex_diverse/astex_diverse/1VCJ/1VCJ_apo.pdb,benchmarks/astex_diverse/astex_diverse/1VCJ/1VCJ.pdb,benchmarks/astex_diverse/astex_diverse/1VCJ/1VCJ_ligand.sdf,True,True,True,True,True,aeb73ea6b5a7873e11ccc7e93d07be670f822044137abc3e6ffe1083b06a97d0,aeb73ea6b5a7873e11ccc7e93d07be670f822044137abc3e6ffe1083b06a97d0,0,0,,,,0,0,pass,pass,apo_byte_identical_to_deposit;identity_ok_if_ligand_absent_from_pdb,False,0,False,0
1W1P,GIO,sdf,benchmarks/astex_diverse/astex_diverse/1W1P/1W1P_apo.pdb,benchmarks/astex_diverse/astex_diverse/1W1P/1W1P.pdb,benchmarks/astex_diverse/astex_diverse/1W1P/1W1P_ligand.sdf,True,True,True,True,True,08a2aadb352de0414452bb9386bf1add6d5797606d77372430e5449755c1ef27,08a2aadb352de0414452bb9386bf1add6d5797606d77372430e5449755c1ef27,0,0,,,,0,0,pass,pass,apo_byte_identical_to_deposit;identity_ok_if_ligand_absent_from_pdb,False,0,False,0
1W2G,THM,sdf,benchmarks/astex_diverse/astex_diverse/1W2G/1W2G_apo.pdb,benchmarks/astex_diverse/astex_diverse/1W2G/1W2G.pdb,benchmarks/astex_diverse/astex_diverse/1W2G/1W2G_ligand.sdf,True,True,True,True,True,8381ec887b87504a66b8365f43afef60f550cbf645c04fb957071a48a254ba09,8381ec887b87504a66b8365f43afef60f550cbf645c04fb957071a48a254ba09,0,0,,,,0,0,pass,pass,apo_byte_identical_to_deposit;identity_ok_if_ligand_absent_from_pdb,False,0,False,0
1X8X,TYR,sdf,benchmarks/astex_diverse/astex_diverse/1X8X/1X8X_apo.pdb,benchmarks/astex_diverse/astex_diverse/1X8X/1X8X.pdb,benchmarks/astex_diverse/astex_diverse/1X8X/1X8X_ligand.sdf,True,True,True,True,True,9112f1ef6f0120d3c09db4715f6b760e918bf8131251f6d655591f7846229536,9112f1ef6f0120d3c09db4715f6b760e918bf8131251f6d655591f7846229536,0,0,,,,0,0,pass,pass,apo_byte_identical_to_deposit;peptide_like_ligand_title;identity_ok_if_ligand_absent_from_pdb,False,0,False,0
1XM6,5RM,sdf,benchmarks/astex_diverse/astex_diverse/1XM6/1XM6_apo.pdb,benchmarks/astex_diverse/astex_diverse/1XM6/1XM6.pdb,benchmarks/astex_diverse/astex_diverse/1XM6/1XM6_ligand.sdf,True,True,True,True,True,91f73107b8ceb6d6b7857ae92eea808408e861f3dee758de9f14e779606948e7,91f73107b8ceb6d6b7857ae92eea808408e861f3dee758de9f14e779606948e7,0,0,,,,0,0,pass,pass,apo_byte_identical_to_deposit;identity_ok_if_ligand_absent_from_pdb,False,0,False,0
1XOZ,CIA,sdf,benchmarks/astex_diverse/astex_diverse/1XOZ/1XOZ_apo.pdb,benchmarks/astex_diverse/astex_diverse/1XOZ/1XOZ.pdb,benchmarks/astex_diverse/astex_diverse/1XOZ/1XOZ_ligand.sdf,True,True,True,True,True,3d018b75bc0939e37b561c11300404f744ccd56e531803d9208819ccbc642fb4,3d018b75bc0939e37b561c11300404f744ccd56e531803d9208819ccbc642fb4,0,0,,,,0,0,pass,pass,apo_byte_identical_to_deposit;identity_ok_if_ligand_absent_from_pdb,False,0,False,0
1Y6B,AAX,sdf,benchmarks/astex_diverse/astex_diverse/1Y6B/1Y6B_apo.pdb,benchmarks/astex_diverse/astex_diverse/1Y6B/1Y6B.pdb,benchmarks/astex_diverse/astex_diverse/1Y6B/1Y6B_ligand.sdf,True,True,True,True,True,d3cd457fc45526356c6dd29dae7bc3b3759a9fe10aadd77990484585a2bde132,d3cd457fc45526356c6dd29dae7bc3b3759a9fe10aadd77990484585a2bde132,0,0,,,,0,0,pass,pass,apo_byte_identical_to_deposit;identity_ok_if_ligand_absent_from_pdb,False,0,False,0
1Y6R,MTM,sdf,benchmarks/astex_diverse/astex_diverse/1Y6R/1Y6R_apo.pdb,benchmarks/astex_diverse/astex_diverse/1Y6R/1Y6R.pdb,benchmarks/astex_diverse/astex_diverse/1Y6R/1Y6R_ligand.sdf,True,True,True,True,True,e0b6117d2abad709c38aeec4cc29ed3a2832bc6d3689d1af8ce72d86a77785d7,e0b6117d2abad709c38aeec4cc29ed3a2832bc6d3689d1af8ce72d86a77785d7,0,0,,,,0,0,pass,pass,apo_byte_identical_to_deposit;identity_ok_if_ligand_absent_from_pdb,False,0,False,0
1YGC,905,sdf,benchmarks/astex_diverse/astex_diverse/1YGC/1YGC_apo.pdb,benchmarks/astex_diverse/astex_diverse/1YGC/1YGC.pdb,benchmarks/astex_diverse/astex_diverse/1YGC/1YGC_ligand.sdf,True,True,True,True,True,87ed08cb4bb90b08820476350acffff363d756c264700688fc327d1d32132b95,87ed08cb4bb90b08820476350acffff363d756c264700688fc327d1d32132b95,0,0,,,,0,0,pass,pass,apo_byte_identical_to_deposit;identity_ok_if_ligand_absent_from_pdb,False,0,False,0
1YQY,915,sdf,benchmarks/astex_diverse/astex_diverse/1YQY/1YQY_apo.pdb,benchmarks/astex_diverse/astex_diverse/1YQY/1YQY.pdb,benchmarks/astex_diverse/astex_diverse/1YQY/1YQY_ligand.sdf,True,True,True,True,True,2d8ad09d0afd6bec8f5d7db68fa6586f11c7f8572fa8f8b51d76e6b366ea9134,2d8ad09d0afd6bec8f5d7db68fa6586f11c7f8572fa8f8b51d76e6b366ea9134,0,0,,,,0,0,pass,pass,apo_byte_identical_to_deposit;identity_ok_if_ligand_absent_from_pdb,False,0,False,0
1YV3,BIT,sdf,benchmarks/astex_diverse/astex_diverse/1YV3/1YV3_apo.pdb,benchmarks/astex_diverse/astex_diverse/1YV3/1YV3.pdb,benchmarks/astex_diverse/astex_diverse/1YV3/1YV3_ligand.sdf,True,True,True,True,True,aee3e6b582d96c7289c0dc00f3402d7471873f41307dabccdc24c7dfc8d809ff,aee3e6b582d96c7289c0dc00f3402d7471873f41307dabccdc24c7dfc8d809ff,0,0,,,VO4:1,1,0,pass,pass,apo_byte_identical_to_deposit;identity_ok_if_ligand_absent_from_pdb,False,0,False,0
1YVF,PH7,sdf,benchmarks/astex_diverse/astex_diverse/1YVF/1YVF_apo.pdb,benchmarks/astex_diverse/astex_diverse/1YVF/1YVF.pdb,benchmarks/astex_diverse/astex_diverse/1YVF/1YVF_ligand.sdf,True,True,True,True,True,9b23eeb1a52c2b607f9279db8b1912be05c19bcbcb217c6df0acf42a12cd6b9b,9b23eeb1a52c2b607f9279db8b1912be05c19bcbcb217c6df0acf42a12cd6b9b,0,0,,,,0,0,pass,pass,apo_byte_identical_to_deposit;identity_ok_if_ligand_absent_from_pdb,False,0,False,0
1YWR,LI9,sdf,benchmarks/astex_diverse/astex_diverse/1YWR/1YWR_apo.pdb,benchmarks/astex_diverse/astex_diverse/1YWR/1YWR.pdb,benchmarks/astex_diverse/astex_diverse/1YWR/1YWR_ligand.sdf,True,True,True,True,True,cc57d623c58e5d717dec84da7e0d67ce18ee290bae23fa3bfcac5c29364b9a13,cc57d623c58e5d717dec84da7e0d67ce18ee290bae23fa3bfcac5c29364b9a13,0,0,,,,0,0,pass,pass,apo_byte_identical_to_deposit;identity_ok_if_ligand_absent_from_pdb,False,0,False,0
1Z95,198,sdf,benchmarks/astex_diverse/astex_diverse/1Z95/1Z95_apo.pdb,benchmarks/astex_diverse/astex_diverse/1Z95/1Z95.pdb,benchmarks/astex_diverse/astex_diverse/1Z95/1Z95_ligand.sdf,True,True,True,True,True,166b0d48c05e13c8335168b50b13251eb8d1ddf30d49d2ad9ab4aa6f16f65efa,166b0d48c05e13c8335168b50b13251eb8d1ddf30d49d2ad9ab4aa6f16f65efa,0,0,,,,0,0,pass,pass,apo_byte_identical_to_deposit;identity_ok_if_ligand_absent_from_pdb,False,0,False,0
2BM2,PM2,sdf,benchmarks/astex_diverse/astex_diverse/2BM2/2BM2_apo.pdb,benchmarks/astex_diverse/astex_diverse/2BM2/2BM2.pdb,benchmarks/astex_diverse/astex_diverse/2BM2/2BM2_ligand.sdf,True,True,True,True,True,afefb3327beaf9554747ddc5e73de1bb2facc6cffc44a8c9e74caebf00ca7c58,afefb3327beaf9554747ddc5e73de1bb2facc6cffc44a8c9e74caebf00ca7c58,0,0,,,,0,0,pass,pass,apo_byte_identical_to_deposit;identity_ok_if_ligand_absent_from_pdb,False,0,False,0
2BR1,PFP,sdf,benchmarks/astex_diverse/astex_diverse/2BR1/2BR1_apo.pdb,benchmarks/astex_diverse/astex_diverse/2BR1/2BR1.pdb,benchmarks/astex_diverse/astex_diverse/2BR1/2BR1_ligand.sdf,True,True,True,True,True,d0df8ac2009ae97e18dafd5fb75e37ea1a64238c68253eb674233cd4990e820c,d0df8ac2009ae97e18dafd5fb75e37ea1a64238c68253eb674233cd4990e820c,0,0,,,,0,0,pass,pass,apo_byte_identical_to_deposit;identity_ok_if_ligand_absent_from_pdb,False,0,False,0
2BSM,BSM,sdf,benchmarks/astex_diverse/astex_diverse/2BSM/2BSM_apo.pdb,benchmarks/astex_diverse/astex_diverse/2BSM/2BSM.pdb,benchmarks/astex_diverse/astex_diverse/2BSM/2BSM_ligand.sdf,True,True,True,True,True,a4043be487842d3c4cf58cadf3b483d51e6328dec05d3c4e3097f46ca4a672ef,a4043be487842d3c4cf58cadf3b483d51e6328dec05d3c4e3097f46ca4a672ef,0,0,,,,0,0,pass,pass,apo_byte_identical_to_deposit;identity_ok_if_ligand_absent_from_pdb,False,0,False,0
2BYS,LOB,sdf,benchmarks/astex_diverse/astex_diverse/2BYS/2BYS_apo.pdb,benchmarks/astex_diverse/astex_diverse/2BYS/2BYS.pdb,benchmarks/astex_diverse/astex_diverse/2BYS/2BYS_ligand.sdf,True,True,True,False,False,2bcd4c941e4bfa6e53e665b430c9ab46da799090938acee3ddabb3ea885a2412,32860a23f7e1ad0ddf0dc4defe5112186f4d7166ddb6f38457f218af7d6118be,0,0,,,,0,0,pass,pass,,False,0,False,0
2C3I,IYZ,sdf,benchmarks/astex_diverse/astex_diverse/2C3I/2C3I_apo.pdb,benchmarks/astex_diverse/astex_diverse/2C3I/2C3I.pdb,benchmarks/astex_diverse/astex_diverse/2C3I/2C3I_ligand.sdf,True,True,True,True,True,19c94aa5eb133f51269cd6bf181cc7250a67d576ec3df14d5342356467ad94d2,19c94aa5eb133f51269cd6bf181cc7250a67d576ec3df14d5342356467ad94d2,0,0,,,,0,0,pass,pass,apo_byte_identical_to_deposit;identity_ok_if_ligand_absent_from_pdb,False,0,False,0
2CET,PGI,sdf,benchmarks/astex_diverse/astex_diverse/2CET/2CET_apo.pdb,benchmarks/astex_diverse/astex_diverse/2CET/2CET.pdb,benchmarks/astex_diverse/astex_diverse/2CET/2CET_ligand.sdf,True,True,True,True,True,47fd938b576f0ca21f5686cae73541bdecc67cb42a8e05bad0f3d93eb34ef15a,47fd938b576f0ca21f5686cae73541bdecc67cb42a8e05bad0f3d93eb34ef15a,0,0,,,,0,0,pass,pass,apo_byte_identical_to_deposit;identity_ok_if_ligand_absent_from_pdb,False,0,False,0
2CGR,GAS,sdf,benchmarks/astex_diverse/astex_diverse/2CGR/2CGR_apo.pdb,benchmarks/astex_diverse/astex_diverse/2CGR/2CGR.pdb,benchmarks/astex_diverse/astex_diverse/2CGR/2CGR_ligand.sdf,True,True,True,True,True,1cacba0395170a1a260aef5e6700738ae19c3488d3b360825e71525cab87f3fb,1cacba0395170a1a260aef5e6700738ae19c3488d3b360825e71525cab87f3fb,0,0,,,,0,0,pass,pass,apo_byte_identical_to_deposit;identity_ok_if_ligand_absent_from_pdb,False,0,False,0
2D3U,CCT,sdf,benchmarks/astex_diverse/astex_diverse/2D3U/2D3U_apo.pdb,benchmarks/astex_diverse/astex_diverse/2D3U/2D3U.pdb,benchmarks/astex_diverse/astex_diverse/2D3U/2D3U_ligand.sdf,True,True,True,True,True,6aa971f444d1f1f31673549ac65457ff175711a0f3e2f56f532e570ae72d03d3,6aa971f444d1f1f31673549ac65457ff175711a0f3e2f56f532e570ae72d03d3,0,0,,,,0,0,pass,pass,apo_byte_identical_to_deposit;identity_ok_if_ligand_absent_from_pdb,False,0,False,0
2GBP,BGC,sdf,benchmarks/astex_diverse/astex_diverse/2GBP/2GBP_apo.pdb,benchmarks/astex_diverse/astex_diverse/2GBP/2GBP.pdb,benchmarks/astex_diverse/astex_diverse/2GBP/2GBP_ligand.sdf,True,True,True,True,True,fd910ae4430a72356913472481c2c1b4a50b01e54b3dd6e85d0b5584ac140337,fd910ae4430a72356913472481c2c1b4a50b01e54b3dd6e85d0b5584ac140337,0,0,,,,0,0,pass,pass,apo_byte_identical_to_deposit;identity_ok_if_ligand_absent_from_pdb,False,0,False,0
2HB1,512,sdf,benchmarks/astex_diverse/astex_diverse/2HB1/2HB1_apo.pdb,benchmarks/astex_diverse/astex_diverse/2HB1/2HB1.pdb,benchmarks/astex_diverse/astex_diverse/2HB1/2HB1_ligand.sdf,True,True,True,True,True,444870c5ed59a7970f936c8dca46f77a65b21d3030327af536b86843929118f4,444870c5ed59a7970f936c8dca46f77a65b21d3030327af536b86843929118f4,0,0,,,,0,0,pass,pass,apo_byte_identical_to_deposit;identity_ok_if_ligand_absent_from_pdb,False,0,False,0
2HR7,P33,sdf,benchmarks/astex_diverse/astex_diverse/2HR7/2HR7_apo.pdb,benchmarks/astex_diverse/astex_diverse/2HR7/2HR7.pdb,benchmarks/astex_diverse/astex_diverse/2HR7/2HR7_ligand.sdf,True,True,True,True,True,69d143e00cecc212f2aa43d28b3fd074dcaf0f372c5f8040e91d1910471f39cb,69d143e00cecc212f2aa43d28b3fd074dcaf0f372c5f8040e91d1910471f39cb,0,0,,,,0,0,pass,pass,apo_byte_identical_to_deposit;identity_ok_if_ligand_absent_from_pdb,False,0,False,0
2J62,GSZ,sdf,benchmarks/astex_diverse/astex_diverse/2J62/2J62_apo.pdb,benchmarks/astex_diverse/astex_diverse/2J62/2J62.pdb,benchmarks/astex_diverse/astex_diverse/2J62/2J62_ligand.sdf,True,True,True,True,True,e6db1de36f015a6261b6ebb76cf4ebfd2f63a47d8f479cfbb28dbb29556d66ab,e6db1de36f015a6261b6ebb76cf4ebfd2f63a47d8f479cfbb28dbb29556d66ab,0,0,,,,0,0,pass,pass,apo_byte_identical_to_deposit;identity_ok_if_ligand_absent_from_pdb,False,0,False,0
