pdb_id,relative_path,bytes,sha256
1G9V,benchmarks/astex_diverse/astex_diverse/1G9V/1G9V.cif,540393,0560026cef1423c9f4371e16a02e2004cba23cbadb898fffdac52b5e3aa92f41
1G9V,benchmarks/astex_diverse/astex_diverse/1G9V/1G9V.pdb,369040,c5c2dbac4f737a3d381eb0c6ea08f67f8ae0c42a418db351ae63606fec46ff7b
1G9V,benchmarks/astex_diverse/astex_diverse/1G9V/1G9V_apo.pdb,369040,c5c2dbac4f737a3d381eb0c6ea08f67f8ae0c42a418db351ae63606fec46ff7b
1G9V,benchmarks/astex_diverse/astex_diverse/1G9V/1G9V_binding_site.pdb,6171,39f6c15acff7de45c67b70279c8665dfcaee2e4e99856ab1ade4ac6e50fbafe0
1G9V,benchmarks/astex_diverse/astex_diverse/1G9V/1G9V_ligand.sdf,2475,45b52c47ff8e211996890712047aa742ed5dff3824d665eebe3c9b9e0c3463fe
1G9V,benchmarks/astex_diverse/astex_diverse/1G9V/1G9V_ligand_centered_site.pdb,7938,0ab756eecaaa351620f0295200bf5a3b7f2be7ba29d4b1524ed385d4b4406c96
1GM8,benchmarks/astex_diverse/astex_diverse/1GM8/1GM8.cif,764353,1019b85557772ee86ecfce525ab4a7dd52191f46b3ecbf20548d807be8086eb1
1GM8,benchmarks/astex_diverse/astex_diverse/1GM8/1GM8.pdb,492970,0f4517ff2026a48b993302fbf6a6930130126294c3f56d8d4089e6995f5bc49b
1GM8,benchmarks/astex_diverse/astex_diverse/1GM8/1GM8_apo.pdb,492970,0f4517ff2026a48b993302fbf6a6930130126294c3f56d8d4089e6995f5bc49b
1GM8,benchmarks/astex_diverse/astex_diverse/1GM8/1GM8_binding_site.pdb,10140,fc68f2616a719f940af44cf41025bf992439e19d026fd72b8cd42d451f0f9952
1GM8,benchmarks/astex_diverse/astex_diverse/1GM8/1GM8_ligand.sdf,2405,935b925b3d3b38e3976da23af0fd41e08fc1ba10d1678b7c8c714b54fdaad7f9
1GPK,benchmarks/astex_diverse/astex_diverse/1GPK/1GPK.cif,548998,6f95112cbaebf4d3e023f18bd999a9d153dfe33360ffaf06f24b998c10154dc0
1GPK,benchmarks/astex_diverse/astex_diverse/1GPK/1GPK.pdb,344497,8f846001b4c4641aaaf3620fa5d29d02c7c754c0e457f26c00b936f135e337c0
1GPK,benchmarks/astex_diverse/astex_diverse/1GPK/1GPK_apo.pdb,344497,8f846001b4c4641aaaf3620fa5d29d02c7c754c0e457f26c00b936f135e337c0
1GPK,benchmarks/astex_diverse/astex_diverse/1GPK/1GPK_binding_site.pdb,8277,8c25bbc607c03898ae914ce0b3344568f987eccb8f28a9b4a04740b1f2a133e1
1GPK,benchmarks/astex_diverse/astex_diverse/1GPK/1GPK_ligand.sdf,1853,bfa49be6285e0c56be1e2e29b4a7ce779fcba63ce1972256d2c240726c72a915
1HNN,benchmarks/astex_diverse/astex_diverse/1HNN/1HNN.cif,497130,8cc1198f8ac370af9c007f1b6cb3406eabd7de1ba983db087876c9550e743804
1HNN,benchmarks/astex_diverse/astex_diverse/1HNN/1HNN.pdb,336478,b4645c9aab3f60f50bde9ad5c2edceedb93f872ca35bfdc41220ecde13aaea8a
1HNN,benchmarks/astex_diverse/astex_diverse/1HNN/1HNN_apo.pdb,336478,b4645c9aab3f60f50bde9ad5c2edceedb93f872ca35bfdc41220ecde13aaea8a
1HNN,benchmarks/astex_diverse/astex_diverse/1HNN/1HNN_binding_site.pdb,9492,518c027449d0b7baa0218c12f0a230fde3aa52713db3445e74fca0ee326f38ba
1HNN,benchmarks/astex_diverse/astex_diverse/1HNN/1HNN_ligand.sdf,1463,93146c19706bec4f8108d3261bca50dacef536371bb66d918fcd58efcead1853
1HNN,benchmarks/astex_diverse/astex_diverse/1HNN/1HNN_ligand_centered_site.pdb,7695,2f92191440297e292bc06814124b49416a43986378a15324f4b18623fb00e927
1HP0,benchmarks/astex_diverse/astex_diverse/1HP0/1HP0.cif,621499,b72f18a805a2e47068ec9d5366ac026ae7375366cf7e308b2ea9de5ece914094
1HP0,benchmarks/astex_diverse/astex_diverse/1HP0/1HP0.pdb,400954,742aaea87cd04c3f8d2067db60b7feaf495f20e2426cb56852e145280c9f6e69
1HP0,benchmarks/astex_diverse/astex_diverse/1HP0/1HP0_apo.pdb,400954,742aaea87cd04c3f8d2067db60b7feaf495f20e2426cb56852e145280c9f6e69
1HP0,benchmarks/astex_diverse/astex_diverse/1HP0/1HP0_binding_site.pdb,6819,c4ed2cce689cd63ff3455a4e4c2bff36f69cd65434df31fee2b68a71a0e2b32f
1HP0,benchmarks/astex_diverse/astex_diverse/1HP0/1HP0_ligand.sdf,1945,0e13783a6cbf15df4eafcf9058155957383500bf9be8850ac1318acc198b51e9
1HQ2,benchmarks/astex_diverse/astex_diverse/1HQ2/1HQ2.cif,402332,93b582c46fef2dcaea5376212a95a96b8283f1bf79e7ee7536eea2ead906b411
1HQ2,benchmarks/astex_diverse/astex_diverse/1HQ2/1HQ2.pdb,104413,162d1379557eac051c750abbd54396fd734cf22bc5972bf5901fd420b2b659f5
1HQ2,benchmarks/astex_diverse/astex_diverse/1HQ2/1HQ2_apo.pdb,104413,162d1379557eac051c750abbd54396fd734cf22bc5972bf5901fd420b2b659f5
1HQ2,benchmarks/astex_diverse/astex_diverse/1HQ2/1HQ2_binding_site.pdb,8844,6159587a8a8c8b6c7b248208e3dccec15e7a18dba5494917ced38ad260c477e4
1HQ2,benchmarks/astex_diverse/astex_diverse/1HQ2/1HQ2_ligand.sdf,3049,31192132e40cbffa0c48ac434aa45fe452ff2b9735cde14d3d5874ab95a93ad7
1IA1,benchmarks/astex_diverse/astex_diverse/1IA1/1IA1.cif,421119,7e991439ec2f519ee4128e5c9afbc67706c46659bf6c409cd557a79ee4557c50
1IA1,benchmarks/astex_diverse/astex_diverse/1IA1/1IA1.pdb,258799,585078cd665562cc6110b0f6f85341d24edccaa78b9dc48921cc3e61e68ca428
1IA1,benchmarks/astex_diverse/astex_diverse/1IA1/1IA1_apo.pdb,258799,585078cd665562cc6110b0f6f85341d24edccaa78b9dc48921cc3e61e68ca428
1IA1,benchmarks/astex_diverse/astex_diverse/1IA1/1IA1_binding_site.pdb,11436,aff362e3065f0c2e429c5bdecca7d174b92ff6fda288b18d451bfd7873140008
1IA1,benchmarks/astex_diverse/astex_diverse/1IA1/1IA1_ligand.sdf,1945,32421fbc39228a616a7e13d4619728b591114ef20f2ed6c5a7cd49745a041dc9
1IGJ,benchmarks/astex_diverse/astex_diverse/1IGJ/1IGJ.cif,710208,51ee830254b6698afed795ad6d8c8a0773891a84a357579f32c28308745e353f
1IGJ,benchmarks/astex_diverse/astex_diverse/1IGJ/1IGJ.pdb,532660,228f3fdba8ac27d9c14226c74d22fc276b99648b708acd186e053a2837d9e654
1IGJ,benchmarks/astex_diverse/astex_diverse/1IGJ/1IGJ_apo.pdb,532660,228f3fdba8ac27d9c14226c74d22fc276b99648b708acd186e053a2837d9e654
1IGJ,benchmarks/astex_diverse/astex_diverse/1IGJ/1IGJ_binding_site.pdb,5685,d5a6b5acb84a659ff5d2f29e074c2f62cedb1038014b8a4db8f20f3c3d1d51da
1IGJ,benchmarks/astex_diverse/astex_diverse/1IGJ/1IGJ_ligand.sdf,3667,488395f186887a7e210f81ba6f9d7eda9c7dafeecaf0293936836f99821a3ce0
1J3J,benchmarks/astex_diverse/astex_diverse/1J3J/1J3J.cif,1095602,d2a74f394628147b49b8f2332acd2adb5b7121adc957caee58e481bff96f825d
1J3J,benchmarks/astex_diverse/astex_diverse/1J3J/1J3J.pdb,733702,89ad3e3b4da9228f3ea63e83b13e79dc4aafd04609240d418a44c312e5092a81
1J3J,benchmarks/astex_diverse/astex_diverse/1J3J/1J3J_apo.pdb,733702,89ad3e3b4da9228f3ea63e83b13e79dc4aafd04609240d418a44c312e5092a81
1J3J,benchmarks/astex_diverse/astex_diverse/1J3J/1J3J_binding_site.pdb,11922,c02d2454ffc5dd8db6c2c89d4dc30626a55b29a3ceddaebabf5719c09e3b98c0
1J3J,benchmarks/astex_diverse/astex_diverse/1J3J/1J3J_ligand.sdf,1739,260336f326528bc5d90b592e73f4ec4a9534066e59f60c34de381d943121a6d2
1JD0,benchmarks/astex_diverse/astex_diverse/1JD0/1JD0.cif,531407,b7685211c93c4463f75e02ee18524a18edcc2f1c0d2b878be487682f3eb31f1b
1JD0,benchmarks/astex_diverse/astex_diverse/1JD0/1JD0.pdb,337693,7f56b1b64dd7729b7d75b4fc7297f3761e7b0749344e808dadb092516d28de4d
1JD0,benchmarks/astex_diverse/astex_diverse/1JD0/1JD0_apo.pdb,337693,7f56b1b64dd7729b7d75b4fc7297f3761e7b0749344e808dadb092516d28de4d
1JD0,benchmarks/astex_diverse/astex_diverse/1JD0/1JD0_binding_site.pdb,4146,05d98e2ae64df833ddd81d621af8b342a32784ddc3acbc37f7386d6a703fde78
1JD0,benchmarks/astex_diverse/astex_diverse/1JD0/1JD0_ligand.sdf,1349,a19a009cb21aa9986cb680df0e5942543454d10945ad1d782b4b60f4b82e0862
1JJE,benchmarks/astex_diverse/astex_diverse/1JJE/1JJE.cif,441712,c15ed72ac2eb9ac572b57e1eda4d840d5e29d48e0f31d2d7a11bbf361b5bdb87
1JJE,benchmarks/astex_diverse/astex_diverse/1JJE/1JJE.pdb,279130,54e06c674ae1826697979146c6b27098f69d96344fef88c2faded2c3dec06e56
1JJE,benchmarks/astex_diverse/astex_diverse/1JJE/1JJE_apo.pdb,279130,54e06c674ae1826697979146c6b27098f69d96344fef88c2faded2c3dec06e56
1JJE,benchmarks/astex_diverse/astex_diverse/1JJE/1JJE_binding_site.pdb,3984,e5d9d2b5a9a9b327fcc66e80872b5c2fbf74a01fbca2880db60efcfaa7cc16a8
1JJE,benchmarks/astex_diverse/astex_diverse/1JJE/1JJE_ligand.sdf,2497,9f4ae631ca9cbebfc9619dabd3b128818862f9d1ee64fc2339490df9149109e6
1K3U,benchmarks/astex_diverse/astex_diverse/1K3U/1K3U.cif,658191,53fa9f626779cea782e2b9db79c233ca3bf356a62963b56551217b22609e27ff
1K3U,benchmarks/astex_diverse/astex_diverse/1K3U/1K3U.pdb,407839,22b881685ce43ce297c47d5dc4f82f81fd755251a028adcb966c45ea00d220aa
1K3U,benchmarks/astex_diverse/astex_diverse/1K3U/1K3U_apo.pdb,407839,22b881685ce43ce297c47d5dc4f82f81fd755251a028adcb966c45ea00d220aa
1K3U,benchmarks/astex_diverse/astex_diverse/1K3U/1K3U_binding_site.pdb,7224,84e3bd4e2406f0cd43bfb7154218198d541f8e655d957c9e2773ae7c5407f90e
1K3U,benchmarks/astex_diverse/astex_diverse/1K3U/1K3U_ligand.sdf,2107,c33f167acfc9c25f335be122e23667a13a4c7f672620457d31c5b113661c3e20
1KE5,benchmarks/astex_diverse/astex_diverse/1KE5/1KE5.cif,287116,163dcfd25da03225d1f44958d210c49513c6d85b18cdc0d76b81255e4e31c39d
1KE5,benchmarks/astex_diverse/astex_diverse/1KE5/1KE5.pdb,181930,c9b830fefc4e645aab624fc3db6b2c10fe27377ad7acbb17ec9e7770fdf9c4be
1KE5,benchmarks/astex_diverse/astex_diverse/1KE5/1KE5_apo.pdb,181930,c9b830fefc4e645aab624fc3db6b2c10fe27377ad7acbb17ec9e7770fdf9c4be
1KE5,benchmarks/astex_diverse/astex_diverse/1KE5/1KE5_binding_site.pdb,12165,1939a69ab2a37ae399fead59e9419a79d4110361df4dbd98b6512719fe05d8b5
1KE5,benchmarks/astex_diverse/astex_diverse/1KE5/1KE5_ligand.sdf,2313,684ac42af1c8ee78795258527643e23eafaab3a996fd81f4607a73e685506de9
1KE5,benchmarks/astex_diverse/astex_diverse/1KE5/1KE5_ligand_centered_site.pdb,8505,5d21a3e8dc7743b680c675b835459a6c46f59991d512aaa910c57744da5e87da
1KZK,benchmarks/astex_diverse/astex_diverse/1KZK/1KZK.cif,548887,30d6a82c14b482068521232b4c782d373347e43756c83801af5c350291a5312c
1KZK,benchmarks/astex_diverse/astex_diverse/1KZK/1KZK.pdb,251104,f600f5f079feb7e5c2ee9892f3a058f915cc487fff36650ee2d2e54eb4da4a6f
1KZK,benchmarks/astex_diverse/astex_diverse/1KZK/1KZK_apo.pdb,251104,f600f5f079feb7e5c2ee9892f3a058f915cc487fff36650ee2d2e54eb4da4a6f
1KZK,benchmarks/astex_diverse/astex_diverse/1KZK/1KZK_binding_site.pdb,14838,ee1c4dbf2ca924184d91c8b24599ce5a9b8f7c20a77afec6617093d62154f0ab
1KZK,benchmarks/astex_diverse/astex_diverse/1KZK/1KZK_ligand.sdf,3991,8d9222b6b1ce75a924e704c9a035b1f9844b5a8b9d15ab4184ad837a5c98484b
1L2S,benchmarks/astex_diverse/astex_diverse/1L2S/1L2S.cif,636400,c212cbdabaf54f2b445932afa93b390ba8139273a061af005a724af3ccfb130f
1L2S,benchmarks/astex_diverse/astex_diverse/1L2S/1L2S.pdb,446071,e9bf25a0c1d61a85afd80772b56a405aa1834af29810795b20d02072d97e398a
1L2S,benchmarks/astex_diverse/astex_diverse/1L2S/1L2S_apo.pdb,446071,e9bf25a0c1d61a85afd80772b56a405aa1834af29810795b20d02072d97e398a
1L2S,benchmarks/astex_diverse/astex_diverse/1L2S/1L2S_binding_site.pdb,17187,726cf945d3215fc14840ef9333438110cbe67f14eed5180c79355eda2f148686
1L2S,benchmarks/astex_diverse/astex_diverse/1L2S/1L2S_ligand.sdf,1923,ae12b7c670e4bbf43595dda8c58168bd531637d911b9197c0b39e4239559d894
1L7F,benchmarks/astex_diverse/astex_diverse/1L7F/1L7F.cif,471854,5ca96f6a8bb23901b7689b0c5e03adf1aa88f04703a638722736dc7812fd559e
1L7F,benchmarks/astex_diverse/astex_diverse/1L7F/1L7F.pdb,250051,f5d0aa823cb8ffba12cc935837c70c65e1fd26f074bf312592d4cba149f16053
1L7F,benchmarks/astex_diverse/astex_diverse/1L7F/1L7F_apo.pdb,250051,f5d0aa823cb8ffba12cc935837c70c65e1fd26f074bf312592d4cba149f16053
1L7F,benchmarks/astex_diverse/astex_diverse/1L7F/1L7F_binding_site.pdb,6900,da2332b9b36c9482fe3dd261f8b36b9a313d625cbc4d071797ab5ff6df855915
1L7F,benchmarks/astex_diverse/astex_diverse/1L7F/1L7F_ligand.sdf,2269,4a23331d9ea041a268e9510ad204a3b46f5e404bcc8d8515d1f341d0aba0bad3
1LPZ,benchmarks/astex_diverse/astex_diverse/1LPZ/1LPZ.cif,324324,a8db0eb3209d48df381d1d4ba968874cbb2d1f65e0ce15573a8bbbf3c3b65621
1LPZ,benchmarks/astex_diverse/astex_diverse/1LPZ/1LPZ.pdb,182092,32a9a44e9f24c44afb4173efdefe981d5e1d3b1df9c1f6f6b9a20fece7d6dbed
1LPZ,benchmarks/astex_diverse/astex_diverse/1LPZ/1LPZ_apo.pdb,182092,32a9a44e9f24c44afb4173efdefe981d5e1d3b1df9c1f6f6b9a20fece7d6dbed
1LPZ,benchmarks/astex_diverse/astex_diverse/1LPZ/1LPZ_binding_site.pdb,5604,954a8e5d6fd71ee819d3b5a958bbb18b5f57b0fd2e5a10a38fdd9b774b5ba210
1LPZ,benchmarks/astex_diverse/astex_diverse/1LPZ/1LPZ_ligand.sdf,3163,ba8ec385fcdcbc1154de036ad2d42c0c8db21d0a901201a6fb5ce8d73210727a
1M2Z,benchmarks/astex_diverse/astex_diverse/1M2Z/1M2Z.cif,543594,ada431c0857e60ef8a1176a54add1ef29bab5c1bc87fda79d03157ab009e0692
1M2Z,benchmarks/astex_diverse/astex_diverse/1M2Z/1M2Z.pdb,362560,07106f5280299e39d92c1ac7fd454538c19cb2566d081005e78be6bd7241c660
1M2Z,benchmarks/astex_diverse/astex_diverse/1M2Z/1M2Z_apo.pdb,362560,07106f5280299e39d92c1ac7fd454538c19cb2566d081005e78be6bd7241c660
1M2Z,benchmarks/astex_diverse/astex_diverse/1M2Z/1M2Z_binding_site.pdb,5685,0590413beada7057548f31c37645fa981ab1479050a9e66b93776a4c40906db8
1M2Z,benchmarks/astex_diverse/astex_diverse/1M2Z/1M2Z_ligand.sdf,2887,e393d7d10acd78c715b4318298ab5946193b0366ea6a23be9c6fd7dcb79e8c21
1MEH,benchmarks/astex_diverse/astex_diverse/1MEH/1MEH.cif,385233,c17565caa9437a52873a0ad69e0f4dbfd2612ed9842fca7483404c0475424271
1MEH,benchmarks/astex_diverse/astex_diverse/1MEH/1MEH.pdb,218947,349e4e251cc66bafa4ee804e79c94b38bd25bdb54e5342be6c94d0fed9a1f000
1MEH,benchmarks/astex_diverse/astex_diverse/1MEH/1MEH_apo.pdb,218947,349e4e251cc66bafa4ee804e79c94b38bd25bdb54e5342be6c94d0fed9a1f000
1MEH,benchmarks/astex_diverse/astex_diverse/1MEH/1MEH_binding_site.pdb,13866,1ad448c186e57aa01bd49abe6cdcc889a4718b4fb0ea34787fdaf125df0fc1a5
1MEH,benchmarks/astex_diverse/astex_diverse/1MEH/1MEH_ligand.sdf,2291,84ef39e1a59f1a33dea9a8f3eaff53adf5adfa1477968282ccb4ef2e25f774ad
1MQ6,benchmarks/astex_diverse/astex_diverse/1MQ6/1MQ6.cif,311154,39619144fffebda23e5dd9eaacfe3ff6cb379ee493a9cc1900a2cd73b1fb29a4
1MQ6,benchmarks/astex_diverse/astex_diverse/1MQ6/1MQ6.pdb,179905,f723db9bbe57adeb272a207097e1eedce8031657ef03c65e896338502c9aab9e
1MQ6,benchmarks/astex_diverse/astex_diverse/1MQ6/1MQ6_apo.pdb,179905,f723db9bbe57adeb272a207097e1eedce8031657ef03c65e896338502c9aab9e
1MQ6,benchmarks/astex_diverse/astex_diverse/1MQ6/1MQ6_binding_site.pdb,10302,ea4b588fbe5bfde7d32056672bb535cc66c232ae9050aaa6aac169a5d97e0b81
1MQ6,benchmarks/astex_diverse/astex_diverse/1MQ6/1MQ6_ligand.sdf,3531,3bc8d5cb5f0a619d0abd7fcf4e224dd1b64ef65b977d0fde1179bdc5b6047d7f
1MQ6,benchmarks/astex_diverse/astex_diverse/1MQ6/1MQ6_ligand_centered_site.pdb,12636,9a76413e35c28bbbb2f94669f265484d8a078ae3e03c8481c3e599df534dd7a0
1N1M,benchmarks/astex_diverse/astex_diverse/1N1M/1N1M.cif,1429914,0c947a20c5648437c7bc4fb200d6fd1368d2770a957d317e513b2b3c86491941
1N1M,benchmarks/astex_diverse/astex_diverse/1N1M/1N1M.pdb,965200,9313618529a527e934b83b58103a93ad780e0c41985c66b0d072a81b323e3bee
1N1M,benchmarks/astex_diverse/astex_diverse/1N1M/1N1M_apo.pdb,965200,9313618529a527e934b83b58103a93ad780e0c41985c66b0d072a81b323e3bee
1N1M,benchmarks/astex_diverse/astex_diverse/1N1M/1N1M_binding_site.pdb,16539,109efd29304484db9e1dcefce32590693c282e7ca2f1a0e28ed4f623202d8342
1N1M,benchmarks/astex_diverse/astex_diverse/1N1M/1N1M_ligand.sdf,1257,f2f06a468f840c99f7f3aad32ebb5fbc81993c328197aa51dd9e08213f60b875
1N1M,benchmarks/astex_diverse/astex_diverse/1N1M/1N1M_ligand_centered_site.pdb,6885,474b7bf9c886418f6969c47eed85e54232e41ac8fc035d88358c5ee70468a75b
1N2J,benchmarks/astex_diverse/astex_diverse/1N2J/1N2J.cif,505335,45de6e5a3b6e43f775d0fdf0792a1672ba8dbe9cfb0796418206221731432732
1N2J,benchmarks/astex_diverse/astex_diverse/1N2J/1N2J.pdb,342310,7624a0dc6aca17bb6b3b3628d1f5e416dfea06a9b3fb1c5a6e277bc09e8c78e1
1N2J,benchmarks/astex_diverse/astex_diverse/1N2J/1N2J_apo.pdb,342310,7624a0dc6aca17bb6b3b3628d1f5e416dfea06a9b3fb1c5a6e277bc09e8c78e1
1N2J,benchmarks/astex_diverse/astex_diverse/1N2J/1N2J_binding_site.pdb,13380,77b436a8b2b9f6127f4666c3c8b13c98ada94e6e3f80b4fbd079922842b9f01c
1N2J,benchmarks/astex_diverse/astex_diverse/1N2J/1N2J_ligand.sdf,1051,2e39f4f9284ef92b124819a338eac03d205d2e1e4e55eb3564adcdf35a983b17
1N2V,benchmarks/astex_diverse/astex_diverse/1N2V/1N2V.cif,384472,509b5421885f077c77dc121764fd071f12c6cebfb588f1eb52d8ab6441f7ed17
1N2V,benchmarks/astex_diverse/astex_diverse/1N2V/1N2V.pdb,235147,be9a19112e2187b87c177c99718f025f9d106b03aa61e1ef6c17e5f9b62cea2c
1N2V,benchmarks/astex_diverse/astex_diverse/1N2V/1N2V_apo.pdb,235147,be9a19112e2187b87c177c99718f025f9d106b03aa61e1ef6c17e5f9b62cea2c
1N2V,benchmarks/astex_diverse/astex_diverse/1N2V/1N2V_binding_site.pdb,8358,3beb641523c53563d5eb57d7a17bb2acc3ffc4350ba03f27708d60f7f83c0f6c
1N2V,benchmarks/astex_diverse/astex_diverse/1N2V/1N2V_ligand.sdf,1555,6345259ada6c8156b0b8a9d7a472bf01b61fd9efba8d9e20782b0d0b6c7feaa0
1N46,benchmarks/astex_diverse/astex_diverse/1N46/1N46.cif,453562,3cc9c8f61ad5a92b28e33950c9cec073a9f2e79b026edf978fde0d4adf06fea9
1N46,benchmarks/astex_diverse/astex_diverse/1N46/1N46.pdb,313636,b826924dc84571834990b9be8945f8d03ddde85ae2db6a014ad11fc6f738033d
1N46,benchmarks/astex_diverse/astex_diverse/1N46/1N46_apo.pdb,313636,b826924dc84571834990b9be8945f8d03ddde85ae2db6a014ad11fc6f738033d
1N46,benchmarks/astex_diverse/astex_diverse/1N46/1N46_binding_site.pdb,4227,03451f7eed4ab2c41a516beac10f426018fc8425bd51998e9b6ca9d029aad8e4
1N46,benchmarks/astex_diverse/astex_diverse/1N46/1N46_ligand.sdf,2681,16d2856d8ef275c52f1c4f40ff8361b884b8910fa46a24f9927db96bafaf0edb
1NAV,benchmarks/astex_diverse/astex_diverse/1NAV/1NAV.cif,257103,0b07a7fe02df40c1bc989d2fa68494282a0386a1f607ac726f4850505d759a13
1NAV,benchmarks/astex_diverse/astex_diverse/1NAV/1NAV.pdb,160708,e39197a2c94d4f3a4b25036abbc8f30d5602df90e629a51a48fcdf15dab47fc7
1NAV,benchmarks/astex_diverse/astex_diverse/1NAV/1NAV_apo.pdb,160708,e39197a2c94d4f3a4b25036abbc8f30d5602df90e629a51a48fcdf15dab47fc7
1NAV,benchmarks/astex_diverse/astex_diverse/1NAV/1NAV_binding_site.pdb,8844,b79475065cbcda3b77094e606a004fc231de26eeb90f3b76b2c6ed31aa551b9c
1NAV,benchmarks/astex_diverse/astex_diverse/1NAV/1NAV_ligand.sdf,2291,fd9f977d72bde59e8a28c878d7d44ee682c0fcb2e14cfffe5b2fdf975a287d96
1OF1,benchmarks/astex_diverse/astex_diverse/1OF1/1OF1.cif,560443,6116d02094a38f2dbf250eb25953c99848359c72c8c7b3225647a293e169e019
1OF1,benchmarks/astex_diverse/astex_diverse/1OF1/1OF1.pdb,383701,d886013bf6f528c56cc1dce2fdcd3261b38cea609b85140faeeeaf3ed05662f4
1OF1,benchmarks/astex_diverse/astex_diverse/1OF1/1OF1_apo.pdb,383701,d886013bf6f528c56cc1dce2fdcd3261b38cea609b85140faeeeaf3ed05662f4
1OF1,benchmarks/astex_diverse/astex_diverse/1OF1/1OF1_binding_site.pdb,3984,1a7cea5812f5904c028a91699a164c1def974512021e6b91c62d5cc9e8bbda0a
1OF1,benchmarks/astex_diverse/astex_diverse/1OF1/1OF1_ligand.sdf,1853,6a93afa4f6cb4eb1aac600cd6d9eedd64f6c1f1573e65ca12c3436085f0f514c
1OF6,benchmarks/astex_diverse/astex_diverse/1OF6/1OF6.cif,2255500,b1b4dd89c4b9554b8d526359096247ca0b04831d959cd5581e00eeb8b6132b21
1OF6,benchmarks/astex_diverse/astex_diverse/1OF6/1OF6.pdb,1687558,bc99c2b4618e350bf8f8dcff15fb808d8c49b008e906e60b7b94fbd1f81dcdd2
1OF6,benchmarks/astex_diverse/astex_diverse/1OF6/1OF6_apo.pdb,1687558,bc99c2b4618e350bf8f8dcff15fb808d8c49b008e906e60b7b94fbd1f81dcdd2
1OF6,benchmarks/astex_diverse/astex_diverse/1OF6/1OF6_binding_site.pdb,2931,b55d883530b2dba2c0176e51c635ee2bae76f71993f8163b7e76c6014c334b21
1OF6,benchmarks/astex_diverse/astex_diverse/1OF6/1OF6_ligand.sdf,1349,efdfde1e783e7bbc5324461da22cbe2825f592d3ba257a2673d3c26521b687a2
1OPK,benchmarks/astex_diverse/astex_diverse/1OPK/1OPK.cif,455932,b2a325d28f8f236b50f2ff9df6d8b5e36aedb4ed6e4fb143452164f56c6fae2c
1OPK,benchmarks/astex_diverse/astex_diverse/1OPK/1OPK.pdb,292576,d8a0dddcb4fa756ecd090b89feb58214df3b9643657059f7b61835952c07c43b
1OPK,benchmarks/astex_diverse/astex_diverse/1OPK/1OPK_apo.pdb,292576,d8a0dddcb4fa756ecd090b89feb58214df3b9643657059f7b61835952c07c43b
1OPK,benchmarks/astex_diverse/astex_diverse/1OPK/1OPK_binding_site.pdb,4551,d0444997b5a97db150ee574687673fbf39a431751844729df0f47bfab2c7facd
1OPK,benchmarks/astex_diverse/astex_diverse/1OPK/1OPK_ligand.sdf,2887,5a091680ec88cfd7b222933772e0cf959eb1346485f85dd8ec6145b19531639e
1OQ5,benchmarks/astex_diverse/astex_diverse/1OQ5/1OQ5.cif,489193,fee58c81830fbc1c8ce275ed90bec7af67b9c81b7fd1cafa72a4e29454585894
1OQ5,benchmarks/astex_diverse/astex_diverse/1OQ5/1OQ5.pdb,165649,217b17aecfa1a71e259ee2c33723c827fa9e9e228987427238976b6ea1d02596
1OQ5,benchmarks/astex_diverse/astex_diverse/1OQ5/1OQ5_apo.pdb,165649,217b17aecfa1a71e259ee2c33723c827fa9e9e228987427238976b6ea1d02596
1OQ5,benchmarks/astex_diverse/astex_diverse/1OQ5/1OQ5_binding_site.pdb,3741,9afb19a5a886ed74dc3eb3bb8e9d6699d4abb548375e9fa83a44fdc01835b68e
1OQ5,benchmarks/astex_diverse/astex_diverse/1OQ5/1OQ5_ligand.sdf,2589,1802dc3f93a6b2a5404196efe88eeb4f640370a23325f7f8244aaa27000749dc
1OWE,benchmarks/astex_diverse/astex_diverse/1OWE/1OWE.cif,276953,d38c387b669770a4313a5d00079cb4f5a4299b81df90fe8ca2130072b25c4642
1OWE,benchmarks/astex_diverse/astex_diverse/1OWE/1OWE.pdb,156658,b6dad6b0415629425b3aa6be85b28a769f2bae5370adc2452baadbe79da6b3eb
1OWE,benchmarks/astex_diverse/astex_diverse/1OWE/1OWE_apo.pdb,156658,b6dad6b0415629425b3aa6be85b28a769f2bae5370adc2452baadbe79da6b3eb
1OWE,benchmarks/astex_diverse/astex_diverse/1OWE/1OWE_binding_site.pdb,7062,904912add00c6e82e3f8c1fbe273935d2861bc73d762751148c8b24e3df003c0
1OWE,benchmarks/astex_diverse/astex_diverse/1OWE/1OWE_ligand.sdf,2221,5ef8cda247892d6f8c70b3ebfbbdbd1a91f099bea42e3bca64ca43a7c9d52367
1P2Y,benchmarks/astex_diverse/astex_diverse/1P2Y/1P2Y.cif,393953,d190f0fd29c01e011c0c2bcd96ec9840114d9f67516b9de4ba48369d49f7acbc
1P2Y,benchmarks/astex_diverse/astex_diverse/1P2Y/1P2Y.pdb,264874,c601b481fcc232f1b88132c4a280627cecadc59242694ff2306bdc1d7f6a39ab
1P2Y,benchmarks/astex_diverse/astex_diverse/1P2Y/1P2Y_apo.pdb,264874,c601b481fcc232f1b88132c4a280627cecadc59242694ff2306bdc1d7f6a39ab
1P2Y,benchmarks/astex_diverse/astex_diverse/1P2Y/1P2Y_binding_site.pdb,9654,c307030aceb82e2fa38c0cf28034498d9899570b3007fda084d8d1652e0fbf48
1P2Y,benchmarks/astex_diverse/astex_diverse/1P2Y/1P2Y_ligand.sdf,1279,921fe7015e64810c3ff11d1f585736632d51ff31c75acf816f278719e3a4d271
1P62,benchmarks/astex_diverse/astex_diverse/1P62/1P62.cif,278453,631c46ba311e705878ce19cb0efb149dcfc14b698df48388fffb9e71bb914c57
1P62,benchmarks/astex_diverse/astex_diverse/1P62/1P62.pdb,153337,8dab8497638daa51ae4dfb1ba652e9e614b66659c8f0fa715fc78feba906852c
1P62,benchmarks/astex_diverse/astex_diverse/1P62/1P62_apo.pdb,153337,8dab8497638daa51ae4dfb1ba652e9e614b66659c8f0fa715fc78feba906852c
1P62,benchmarks/astex_diverse/astex_diverse/1P62/1P62_binding_site.pdb,8844,e371f41fe7bf1382fd3674c9e54a532980f72b829a1114bba1157480239411fc
1P62,benchmarks/astex_diverse/astex_diverse/1P62/1P62_ligand.sdf,1831,3260794afe2cda6fd4d075944afe780a7f692193073cd28970198ef0ee128183
1P62,benchmarks/astex_diverse/astex_diverse/1P62/1P62_ligand_centered_site.pdb,8100,229f8f27342b88c992e11dce536ab480f0e54a1b86ee4c3a77daff0e92bfaef6
1PMN,benchmarks/astex_diverse/astex_diverse/1PMN/1PMN.cif,353280,12fa52500487ed55339657e534f5cac0342f658e73ef3d36fb749a059105a13f
1PMN,benchmarks/astex_diverse/astex_diverse/1PMN/1PMN.pdb,224698,5d325e6481e0d6e4cbe5d6d930efd3a6bb7130811f89cf69ece044b2e2da8c31
1PMN,benchmarks/astex_diverse/astex_diverse/1PMN/1PMN_apo.pdb,224698,5d325e6481e0d6e4cbe5d6d930efd3a6bb7130811f89cf69ece044b2e2da8c31
1PMN,benchmarks/astex_diverse/astex_diverse/1PMN/1PMN_binding_site.pdb,21480,f00adcbecd4b1172f9735445e00b46292bccd830e9cd772663b0b86694534292
1PMN,benchmarks/astex_diverse/astex_diverse/1PMN/1PMN_ligand.sdf,3277,27b94f6a0d7131c756fdd410421e4b780c11481437a04db368e82e4004e531b1
1PMN,benchmarks/astex_diverse/astex_diverse/1PMN/1PMN_ligand_centered_site.pdb,11178,f2e452d844cab0aacb4c794491a7d5e6876327b580693243f4209c9900c43d45
1Q1G,benchmarks/astex_diverse/astex_diverse/1Q1G/1Q1G.cif,1297514,35032a27daeea2390bf7754f05a944ec151a6831dafbe37d5a8daea0aa79b910
1Q1G,benchmarks/astex_diverse/astex_diverse/1Q1G/1Q1G.pdb,904450,19f3ea396767fd65607fa3cc7d682ee43cea52e7fdd4cc19905640c36ebfb422
1Q1G,benchmarks/astex_diverse/astex_diverse/1Q1G/1Q1G_apo.pdb,904450,19f3ea396767fd65607fa3cc7d682ee43cea52e7fdd4cc19905640c36ebfb422
1Q1G,benchmarks/astex_diverse/astex_diverse/1Q1G/1Q1G_binding_site.pdb,16458,2653fa3362ed5f0f6a80f1b89473fcea7281d0252e8924150c8e1e4a0b647f01
1Q1G,benchmarks/astex_diverse/astex_diverse/1Q1G/1Q1G_ligand.sdf,2037,94456f0696bf26e71a3aadbad235496c5f4e0df80690a7df70ab64eff9cd6ea6
1Q41,benchmarks/astex_diverse/astex_diverse/1Q41/1Q41.cif,607694,ee227c8bac6bf4b83671aebeaa56f7bb0bd2e27ad220f1b761728f6e7de93e3a
1Q41,benchmarks/astex_diverse/astex_diverse/1Q41/1Q41.pdb,439672,306f673dbc6b7acae742f6045c9cdb7520538fcc2ee26cb56788c6501d81fc85
1Q41,benchmarks/astex_diverse/astex_diverse/1Q41/1Q41_apo.pdb,439672,306f673dbc6b7acae742f6045c9cdb7520538fcc2ee26cb56788c6501d81fc85
1Q41,benchmarks/astex_diverse/astex_diverse/1Q41/1Q41_binding_site.pdb,7548,8fb18a325c2c3af0038f615ead825f538a5c02c5d5f9223fb084696aa43b6c13
1Q41,benchmarks/astex_diverse/astex_diverse/1Q41/1Q41_ligand.sdf,2151,1e01064c78f4c339b0a4862f8351a088e4832bfa6a61741ce6642b0436e408e7
1Q4G,benchmarks/astex_diverse/astex_diverse/1Q4G/1Q4G.cif,1173784,53ecfe7a181d3859280441717ca2ee25b5818984f407fdc903fd1785ae25f06f
1Q4G,benchmarks/astex_diverse/astex_diverse/1Q4G/1Q4G.pdb,743584,ff1b5262fbc8da4674bc1e14b633e4aa6f6ab6c550b1bd709f4e781522aa8bf1
1Q4G,benchmarks/astex_diverse/astex_diverse/1Q4G/1Q4G_apo.pdb,743584,ff1b5262fbc8da4674bc1e14b633e4aa6f6ab6c550b1bd709f4e781522aa8bf1
1Q4G,benchmarks/astex_diverse/astex_diverse/1Q4G/1Q4G_binding_site.pdb,1432,6420f792b7fd99b8df24e5a24f1b901f60326c06f460b8da9910e726b7a9c11a
1Q4G,benchmarks/astex_diverse/astex_diverse/1Q4G/1Q4G_ligand.sdf,1739,75d0112faf3bd7d579a5963909176851b696d73821c5d0dc26da31a3b2efe71f
1Q4G,benchmarks/astex_diverse/astex_diverse/1Q4G/1Q4G_ligand_centered_site.pdb,8829,9685ba5eaf95df08c0de5406447e4644e0de86b9f7082f88f8767bf28228414b
1R1H,benchmarks/astex_diverse/astex_diverse/1R1H/1R1H.cif,644089,149e5a31bd095196854980ebdf4dc513b43576899a277996cb5e721710cb2cf3
1R1H,benchmarks/astex_diverse/astex_diverse/1R1H/1R1H.pdb,453280,70dd34fd3c04f89b573088089ca3449d5f303d784a25d7066a1acae7d09823d6
1R1H,benchmarks/astex_diverse/astex_diverse/1R1H/1R1H_apo.pdb,453280,70dd34fd3c04f89b573088089ca3449d5f303d784a25d7066a1acae7d09823d6
1R1H,benchmarks/astex_diverse/astex_diverse/1R1H/1R1H_binding_site.pdb,43026,e648473110eaf7c2ea4a26472b0f8f2ac010bd9db248178bb3a56d64c61a82f0
1R1H,benchmarks/astex_diverse/astex_diverse/1R1H/1R1H_ligand.sdf,2843,6f6f00897eed61fbf4c6b1641249175b73b7b9af03dbee33fadb819fefe2518d
1R1H,benchmarks/astex_diverse/astex_diverse/1R1H/1R1H_ligand_centered_site.pdb,12312,147ed33c910eb31be54de924cc7c8df080c5335dfcac184244be9b3fa2c433b5
1R55,benchmarks/astex_diverse/astex_diverse/1R55/1R55.cif,259877,7f963c82d58241fa824c100b779696f8994679b3ed9ec65084e5c1b1d4b21a16
1R55,benchmarks/astex_diverse/astex_diverse/1R55/1R55.pdb,125635,6227639e1ccfc91ae25cdb63d14c265f5bc9623c9a4e01062d6bad883978651c
1R55,benchmarks/astex_diverse/astex_diverse/1R55/1R55_apo.pdb,125635,6227639e1ccfc91ae25cdb63d14c265f5bc9623c9a4e01062d6bad883978651c
1R55,benchmarks/astex_diverse/astex_diverse/1R55/1R55_binding_site.pdb,5280,f227737b359ca6a5a25fbe71109243febdc69a8258b194edc8c6438d9511c5a2
1R55,benchmarks/astex_diverse/astex_diverse/1R55/1R55_ligand.sdf,2247,c9c3b682411241bee8e47383549a8131bc16a69d81d4b6c79c60106679ff918f
1R58,benchmarks/astex_diverse/astex_diverse/1R58/1R58.cif,402083,582661d940818cc40c3cb9590708928498694bb5ef044a016fd5fdd554e373cf
1R58,benchmarks/astex_diverse/astex_diverse/1R58/1R58.pdb,234661,b08c1492ca15984d82393daca07981c14020d49a50fa22d0a28f4a627eb3e074
1R58,benchmarks/astex_diverse/astex_diverse/1R58/1R58_apo.pdb,234661,b08c1492ca15984d82393daca07981c14020d49a50fa22d0a28f4a627eb3e074
1R58,benchmarks/astex_diverse/astex_diverse/1R58/1R58_binding_site.pdb,6090,80a3b9689851b3ad4be991e420d6d21964fd1277d605a934aa9e087aa1669e9b
1R58,benchmarks/astex_diverse/astex_diverse/1R58/1R58_ligand.sdf,2269,9079b2892fa5b0e23ee3289c6f77ed2cdab34be05fcef12422cc191144b9e33c
1R9O,benchmarks/astex_diverse/astex_diverse/1R9O/1R9O.cif,458124,9efe23de6cb1b57ce815a96adc172a49d2db4498c0c20c577f3da6f206a3f7a6
1R9O,benchmarks/astex_diverse/astex_diverse/1R9O/1R9O.pdb,299137,e2d2fc3be5f1b3535722f725bb23410c5bbfce01f892816e9de24e4262d7b377
1R9O,benchmarks/astex_diverse/astex_diverse/1R9O/1R9O_apo.pdb,299137,e2d2fc3be5f1b3535722f725bb23410c5bbfce01f892816e9de24e4262d7b377
1R9O,benchmarks/astex_diverse/astex_diverse/1R9O/1R9O_binding_site.pdb,27069,21d351b3317c2270bcf2592a7070bbc6871e7c31696c41936df3907283e36283
1R9O,benchmarks/astex_diverse/astex_diverse/1R9O/1R9O_ligand.sdf,1831,e48634bcef021dd2642a4155c59e3a9593a31c01ed7a552b14532845e2621591
1S19,benchmarks/astex_diverse/astex_diverse/1S19/1S19.cif,268699,fa5b6ba4ba75f7ab640794bc847a415020c1676dd73bfdb14287536a72750a16
1S19,benchmarks/astex_diverse/astex_diverse/1S19/1S19.pdb,162976,6e78242b0e4915e6d8ee140ed2ef3ef20cb1e5902b2d2c5c50dc905ef584db08
1S19,benchmarks/astex_diverse/astex_diverse/1S19/1S19_apo.pdb,162976,6e78242b0e4915e6d8ee140ed2ef3ef20cb1e5902b2d2c5c50dc905ef584db08
1S19,benchmarks/astex_diverse/astex_diverse/1S19/1S19_binding_site.pdb,6333,16d10874fc8973b5149f8b3b55f16c756eaffbb9a08c01462e3c9b98704f56f3
1S19,benchmarks/astex_diverse/astex_diverse/1S19/1S19_ligand.sdf,2979,fa0c15a580a0fa32a3b0f8e582e7785ff981c3511650babd6f7d431fc74dd3f3
1S3V,benchmarks/astex_diverse/astex_diverse/1S3V/1S3V.cif,230234,fe72b4506de103cea61d8058ecda9b88fa50c5a5ae7e6162813edf173259541b
1S3V,benchmarks/astex_diverse/astex_diverse/1S3V/1S3V.pdb,121666,3a19fdef2fb15d4e6f30e25bcb97fa57577f8b759997f4afa8c899571d6fafa7
1S3V,benchmarks/astex_diverse/astex_diverse/1S3V/1S3V_apo.pdb,121666,3a19fdef2fb15d4e6f30e25bcb97fa57577f8b759997f4afa8c899571d6fafa7
1S3V,benchmarks/astex_diverse/astex_diverse/1S3V/1S3V_binding_site.pdb,9492,f309a1d98ca3f3747d5d11676f4fa266b9b3446ff3661c103dcca5dbe3aecf47
1S3V,benchmarks/astex_diverse/astex_diverse/1S3V/1S3V_ligand.sdf,2681,b9264fd27c2bf4b942fa7779e6671a7f5070cb23f64829fdc5ee8bfd86461cb1
1SG0,benchmarks/astex_diverse/astex_diverse/1SG0/1SG0.cif,488996,baca575e2415363903051e14067c0970c53e4a5892f999e8a14a55738df16ad7
1SG0,benchmarks/astex_diverse/astex_diverse/1SG0/1SG0.pdb,295654,3320dd2d7fd411073e3e75c5b9e89875cb99908a85fef28e11ced1e7027237e4
1SG0,benchmarks/astex_diverse/astex_diverse/1SG0/1SG0_apo.pdb,295654,3320dd2d7fd411073e3e75c5b9e89875cb99908a85fef28e11ced1e7027237e4
1SG0,benchmarks/astex_diverse/astex_diverse/1SG0/1SG0_binding_site.pdb,11679,68e6a09204a7087d165a76d26e91cac0870d69b4b3381c470e6cb56c7cba810b
1SG0,benchmarks/astex_diverse/astex_diverse/1SG0/1SG0_ligand.sdf,1739,21fa68a5a78604d860d4242a5b50063bee5d167911dedd304c07514b9e0934d7
1SG0,benchmarks/astex_diverse/astex_diverse/1SG0/1SG0_ligand_centered_site.pdb,7938,ce9c7441083757cb6ad91256c015c1f4e95adba906f3ff0d9bbe84b195357e3d
1SJ0,benchmarks/astex_diverse/astex_diverse/1SJ0/1SJ0.cif,263756,e7dbcb6d039756877f42c99bc69ed2f42b2b0e20fdb6e7fab09e3b1b0a6007f2
1SJ0,benchmarks/astex_diverse/astex_diverse/1SJ0/1SJ0.pdb,156658,649024a5bb689e6decb51af76a1d43f300073b7073a6d8fcd38b416c444f9c98
1SJ0,benchmarks/astex_diverse/astex_diverse/1SJ0/1SJ0_apo.pdb,156658,649024a5bb689e6decb51af76a1d43f300073b7073a6d8fcd38b416c444f9c98
1SJ0,benchmarks/astex_diverse/astex_diverse/1SJ0/1SJ0_binding_site.pdb,10140,6326f4478a5b504a9ea37c82fabd1ef956012f84213649901b5e8816a1a8c7ba
1SJ0,benchmarks/astex_diverse/astex_diverse/1SJ0/1SJ0_ligand.sdf,3277,96d2afa53e66af348a9cfdb8a665f37bb87d4c2a99de240934d816476af3a381
1SQ5,benchmarks/astex_diverse/astex_diverse/1SQ5/1SQ5.cif,1177459,cbacf69008049de59a2dea136cfaac6c1e700da304c1e622d76112f8452b2325
1SQ5,benchmarks/astex_diverse/astex_diverse/1SQ5/1SQ5.pdb,781654,ebf82a4f7090ec42ecdcfa94a251390dcb1af88f5b6f9a01a1a0cd6649fea9b9
1SQ5,benchmarks/astex_diverse/astex_diverse/1SQ5/1SQ5_apo.pdb,781654,ebf82a4f7090ec42ecdcfa94a251390dcb1af88f5b6f9a01a1a0cd6649fea9b9
1SQ5,benchmarks/astex_diverse/astex_diverse/1SQ5/1SQ5_binding_site.pdb,14433,685479099a4f73b7af2433e0fead5e76554e25db28c3e25855167274581abaa5
1SQ5,benchmarks/astex_diverse/astex_diverse/1SQ5/1SQ5_ligand.sdf,1511,7017d656070348bfb8e4ace30a31ec1d6f45ad24d4f4f8137a7322b78ee3f25f
1SQ5,benchmarks/astex_diverse/astex_diverse/1SQ5/1SQ5_ligand_centered_site.pdb,6804,5d49035d2ecab7d2d31713789eab9d855ca2faf365b270e03a5acfdc09043b49
1T40,benchmarks/astex_diverse/astex_diverse/1T40/1T40.cif,338534,7fd76b1f14c54d0379bd6236bd166ea216e3568fc0f22e86d3bd6bd2c7898442
1T40,benchmarks/astex_diverse/astex_diverse/1T40/1T40.pdb,204529,aafe3a007a9481b728c417c7c905a0942393335a7b5912d96da04e1da3b38abd
1T40,benchmarks/astex_diverse/astex_diverse/1T40/1T40_apo.pdb,204529,aafe3a007a9481b728c417c7c905a0942393335a7b5912d96da04e1da3b38abd
1T40,benchmarks/astex_diverse/astex_diverse/1T40/1T40_binding_site.pdb,14838,9c9124e41e8a569a33c8d37a2e9ddbb3b1398dc16c7d86bf73f048554555e5f3
1T40,benchmarks/astex_diverse/astex_diverse/1T40/1T40_ligand.sdf,2773,6dcf54fe5bdcb79af5a834b5491a129f7d0eee8507be3ff89b29498e35e1bd04
1T40,benchmarks/astex_diverse/astex_diverse/1T40/1T40_ligand_centered_site.pdb,11178,95242b046deff60a8bdd2d1b3d0c6ade6eda5fadd7be17c55a961be0f380078b
1T46,benchmarks/astex_diverse/astex_diverse/1T46/1T46.cif,321055,ad9befb02ae76ca91a8b51a1e0469b9e0a09ad8ff969119922e2d566e083b031
1T46,benchmarks/astex_diverse/astex_diverse/1T46/1T46.pdb,192865,11ef923f2a2335c123f99a738efd0a9114c112226c252e7cf2b2054f5823441f
1T46,benchmarks/astex_diverse/astex_diverse/1T46/1T46_apo.pdb,192865,11ef923f2a2335c123f99a738efd0a9114c112226c252e7cf2b2054f5823441f
1T46,benchmarks/astex_diverse/astex_diverse/1T46/1T46_binding_site.pdb,17754,cdf4fae91d271e8554eb25b664c92832589417bcf31ea3e57faae0d5cbec1fee
1T46,benchmarks/astex_diverse/astex_diverse/1T46/1T46_ligand.sdf,3645,1e45db308a2b23158955626e8b5d16a6c89e438b6263864873fea059cabfbaa8
1T9B,benchmarks/astex_diverse/astex_diverse/1T9B/1T9B.cif,1247943,2a87db4517c51d84b012796774d3295c8f8bee4c26c35d192f40922f46c6021d
1T9B,benchmarks/astex_diverse/astex_diverse/1T9B/1T9B.pdb,728356,d16a0c5923106bc00409d1e86242a1f0ae130d3ded6e5e0e2f57c6e8e34cdef2
1T9B,benchmarks/astex_diverse/astex_diverse/1T9B/1T9B_apo.pdb,728356,d16a0c5923106bc00409d1e86242a1f0ae130d3ded6e5e0e2f57c6e8e34cdef2
1T9B,benchmarks/astex_diverse/astex_diverse/1T9B/1T9B_binding_site.pdb,27312,744d62de70dbb1eea316f6638f58ac98a0c5014b632ddf5c0c500e5ca8d890fe
1T9B,benchmarks/astex_diverse/astex_diverse/1T9B/1T9B_ligand.sdf,2291,f7e2f5f27962621225000d892b5be48f919f9b0bd5f35555f639c3411e766584
1T9B,benchmarks/astex_diverse/astex_diverse/1T9B/1T9B_ligand_centered_site.pdb,8100,47cf25836d9b7eaa37df55ac942a722135fe2bb6950a4fb3f9498b9e13f64e19
1TT1,benchmarks/astex_diverse/astex_diverse/1TT1/1TT1.cif,498585,85e1ed43dc19688228bc23d2e6b6b82e95f45397ed686f4d4fece626a3de18bc
1TT1,benchmarks/astex_diverse/astex_diverse/1TT1/1TT1.pdb,325948,d929335b25125aa27923c0715f811327345697de3d6a66875135b1afd3f98784
1TT1,benchmarks/astex_diverse/astex_diverse/1TT1/1TT1_apo.pdb,325948,d929335b25125aa27923c0715f811327345697de3d6a66875135b1afd3f98784
1TT1,benchmarks/astex_diverse/astex_diverse/1TT1/1TT1_binding_site.pdb,13785,b73a283ef3d541200e8e324e1a3c1838f71599f08eda19b158abb56d6569b702
1TT1,benchmarks/astex_diverse/astex_diverse/1TT1/1TT1_ligand.sdf,1533,c940bc37526de0ab1ea21219b2cb42b4c367d71ad96c2917adf9af9566e47aa1
1TW6,benchmarks/astex_diverse/astex_diverse/1TW6/1TW6.cif,260085,27386d04da011d691ce0f14821292dd4d1d767bf664cd95d665e24ef61cdaec7
1TW6,benchmarks/astex_diverse/astex_diverse/1TW6/1TW6.pdb,126688,29debf208e26fee7888265c9784ccc48dbde830006181eecca210ef999702f31
1TW6,benchmarks/astex_diverse/astex_diverse/1TW6/1TW6_apo.pdb,124501,7f912e23102eb8e651511f9ab9506904574f7c2e912aef8a8b4520a6244c1571
1TW6,benchmarks/astex_diverse/astex_diverse/1TW6/1TW6_binding_site.pdb,7764,74dbfc43a058613c75d640c189e5abf94cf831013e6e2b2ac31af106830a083e
1TW6,benchmarks/astex_diverse/astex_diverse/1TW6/1TW6_ligand.sdf,2645,ebdf4098a43a3a2c77c95b1fc2441b8116025343dd73c45bc93dad05d4de6154
1TZ8,benchmarks/astex_diverse/astex_diverse/1TZ8/1TZ8.cif,439345,48ab12d7bc07c2e0c11a4917d3b12c74c0e9033bffbe7838deb6cd2c4d3d5ec0
1TZ8,benchmarks/astex_diverse/astex_diverse/1TZ8/1TZ8.pdb,278077,c5c1b46b5cd0e416981b48b1cf058de909d994b483a952ddf6a498c91b6b00f7
1TZ8,benchmarks/astex_diverse/astex_diverse/1TZ8/1TZ8_apo.pdb,278077,c5c1b46b5cd0e416981b48b1cf058de909d994b483a952ddf6a498c91b6b00f7
1TZ8,benchmarks/astex_diverse/astex_diverse/1TZ8/1TZ8_binding_site.pdb,8439,e4e46d8c1ace98f69448874354b61511ca8b3d7c9aeefb0c1d0e28d59c6afbaf
1TZ8,benchmarks/astex_diverse/astex_diverse/1TZ8/1TZ8_ligand.sdf,2015,ab038a854f7535a502d0b10c1c2f6de96623d4ab6d47155cdb98ed751f153f47
1U1C,benchmarks/astex_diverse/astex_diverse/1U1C/1U1C.cif,1278422,2785d29d396eafd876ac529815b5c08fa63b60cc435903c90dd3acedd5e0b522
1U1C,benchmarks/astex_diverse/astex_diverse/1U1C/1U1C.pdb,908338,d3ac679da3a7c901639f6d33bb62584eadb70c8f9d96140ff541d6c12c5ded07
1U1C,benchmarks/astex_diverse/astex_diverse/1U1C/1U1C_apo.pdb,908338,d3ac679da3a7c901639f6d33bb62584eadb70c8f9d96140ff541d6c12c5ded07
1U1C,benchmarks/astex_diverse/astex_diverse/1U1C/1U1C_binding_site.pdb,12732,b9341d3c6b82f63101b1a32a65b7ad4cf959d2a4ae5f9268d84915a754feca01
1U1C,benchmarks/astex_diverse/astex_diverse/1U1C/1U1C_ligand.sdf,2015,babcebe5516783ef0457048baa58939a6692d35f2dfdfa77690e133aa5d0349a
1U4D,benchmarks/astex_diverse/astex_diverse/1U4D/1U4D.cif,477412,def4ab3fe68eae4b5122b5728105ef7d4e45fe516c699a1c00a795064ffbbb51
1U4D,benchmarks/astex_diverse/astex_diverse/1U4D/1U4D.pdb,337612,739a0ddc6fbf09f2e5d356cd624040e386e8bdf79eec4ea0f4ad7a90581f9d05
1U4D,benchmarks/astex_diverse/astex_diverse/1U4D/1U4D_apo.pdb,337612,739a0ddc6fbf09f2e5d356cd624040e386e8bdf79eec4ea0f4ad7a90581f9d05
1U4D,benchmarks/astex_diverse/astex_diverse/1U4D/1U4D_binding_site.pdb,7953,52db1c80cdaf0cb7f5d3e89b45339cb9ff01696e650cd88173d637ed4f10d1a6
1U4D,benchmarks/astex_diverse/astex_diverse/1U4D/1U4D_ligand.sdf,1853,8fd01b6b86bf43a12e3c0947407bd588143e9660ab200ebd01577d58a60f91fb
1UML,benchmarks/astex_diverse/astex_diverse/1UML/1UML.cif,345628,a4e67ecca3646ba6d4fc9603740042e3012e1ed528189325dbd6db8901d15839
1UML,benchmarks/astex_diverse/astex_diverse/1UML/1UML.pdb,225994,6c0bf90ee50cf808737397f3f14dadf50223afd76aadc2db9132226724247acf
1UML,benchmarks/astex_diverse/astex_diverse/1UML/1UML_apo.pdb,225994,6c0bf90ee50cf808737397f3f14dadf50223afd76aadc2db9132226724247acf
1UML,benchmarks/astex_diverse/astex_diverse/1UML/1UML_binding_site.pdb,8358,39bd9add0968723c29915f940e95d610f88c7ede823fdd98405b4b2add1aca23
1UML,benchmarks/astex_diverse/astex_diverse/1UML/1UML_ligand.sdf,3255,0403cd84720d6de75ab6d81138a8bc46c250d0c358b0832570e3f9deb0d1eb75
1UNL,benchmarks/astex_diverse/astex_diverse/1UNL/1UNL.cif,785123,7babf377cd08e9973f8ddab3849ef4420ee9d33b8f1f5072e83264ee4ba8bb1c
1UNL,benchmarks/astex_diverse/astex_diverse/1UNL/1UNL.pdb,574780,818342c35c34d78c9ceeb46690ed5553a70929c020047653bc4d025430383193
1UNL,benchmarks/astex_diverse/astex_diverse/1UNL/1UNL_apo.pdb,574780,818342c35c34d78c9ceeb46690ed5553a70929c020047653bc4d025430383193
1UNL,benchmarks/astex_diverse/astex_diverse/1UNL/1UNL_binding_site.pdb,5118,a5050b6941431419f6c3540be6224b5af67c427b60e9366f6394376af9c2754b
1UNL,benchmarks/astex_diverse/astex_diverse/1UNL/1UNL_ligand.sdf,2589,845181ed820112793407a9ab09bed2828f8d0d39d2ef9d9dc5854f55618df490
1UOU,benchmarks/astex_diverse/astex_diverse/1UOU/1UOU.cif,379092,3c9e9a597e799b68d71afce0695246e20ae119f106f5803851ae7624b16212a5
1UOU,benchmarks/astex_diverse/astex_diverse/1UOU/1UOU.pdb,258961,ad11c4e65e1c7b69c2cd3090201d9f9f277bb54cd5583ca03dce074f744622b1
1UOU,benchmarks/astex_diverse/astex_diverse/1UOU/1UOU_apo.pdb,258961,ad11c4e65e1c7b69c2cd3090201d9f9f277bb54cd5583ca03dce074f744622b1
1UOU,benchmarks/astex_diverse/astex_diverse/1UOU/1UOU_binding_site.pdb,4794,51ffd1dd7cb4c8a0202154cd85df6bfa0d64a99d9ee595d806e49ad04e63a1e0
1UOU,benchmarks/astex_diverse/astex_diverse/1UOU/1UOU_ligand.sdf,1647,6fc91c4757f12a693b831ad1028e79e04f29111f60ee508a3f29193bd8e37926
1V0P,benchmarks/astex_diverse/astex_diverse/1V0P/1V0P.cif,914316,96f220f9f3a9fe6dbd4405d04f322ef323989e53bb09f4402f5bd364bbddb779
1V0P,benchmarks/astex_diverse/astex_diverse/1V0P/1V0P.pdb,349033,20ca9c3e7edc94f8f5f1a724cf3fbce45154f38649c9cf1c449ed1af466e1cea
1V0P,benchmarks/astex_diverse/astex_diverse/1V0P/1V0P_apo.pdb,349033,20ca9c3e7edc94f8f5f1a724cf3fbce45154f38649c9cf1c449ed1af466e1cea
1V0P,benchmarks/astex_diverse/astex_diverse/1V0P/1V0P_binding_site.pdb,19698,0cba8fc2fe25c24f78e6e4f4325a268afeed3954221f781b5eb5dac0cd2e568a
1V0P,benchmarks/astex_diverse/astex_diverse/1V0P/1V0P_ligand.sdf,2957,8b9113532f1932f9cfd1eeb2379a3b1d44e68215f6f18858fe7df6300ed16005
1V0P,benchmarks/astex_diverse/astex_diverse/1V0P/1V0P_ligand_centered_site.pdb,10530,e32478f31d7dbd52c14462c1b0822e1cf2fcc15f0fc78e0dd59ef05c62564fce
1V48,benchmarks/astex_diverse/astex_diverse/1V48/1V48.cif,284005,414008c0d5a99e47ec4e55c8e95f97c38bd6cad429d8c046e7de1037395d551b
1V48,benchmarks/astex_diverse/astex_diverse/1V48/1V48.pdb,164920,e4600ffe0c4f711abccd431f1cca1722a450c65e5aa6541b8a8aa0d3e4a85866
1V48,benchmarks/astex_diverse/astex_diverse/1V48/1V48_apo.pdb,164920,e4600ffe0c4f711abccd431f1cca1722a450c65e5aa6541b8a8aa0d3e4a85866
1V48,benchmarks/astex_diverse/astex_diverse/1V48/1V48_binding_site.pdb,4632,f33985c331b93ff6dde38c2db1a3a57da26a295c11d2c82d8d2ecb87f2eaf5e2
1V48,benchmarks/astex_diverse/astex_diverse/1V48/1V48_ligand.sdf,2199,6f83e8055bd3d185ad5e9a821e4613763666b82ce2066f4bbc50235a9d0c6a80
1V4S,benchmarks/astex_diverse/astex_diverse/1V4S/1V4S.cif,426475,b1a3d6cc61b4e28226ba2402c1210697c4417ccdf8ee420a36a7ff7948173418
1V4S,benchmarks/astex_diverse/astex_diverse/1V4S/1V4S.pdb,283990,a81fa078f0819d978b42db76a353562f17ab467743861638cad064d7c6bd70e3
1V4S,benchmarks/astex_diverse/astex_diverse/1V4S/1V4S_apo.pdb,283990,a81fa078f0819d978b42db76a353562f17ab467743861638cad064d7c6bd70e3
1V4S,benchmarks/astex_diverse/astex_diverse/1V4S/1V4S_binding_site.pdb,7872,71ec8d355987ad2b33b0334c4f4090aa946267224e5c780bab92696f2886d116
1V4S,benchmarks/astex_diverse/astex_diverse/1V4S/1V4S_ligand.sdf,2313,bd65b0ec2c043b35fd252a31c4ce22ebb479dc25b4cea3ec7d7b78f76e57910f
1VCJ,benchmarks/astex_diverse/astex_diverse/1VCJ/1VCJ.cif,363748,62c6ee506decf461fa77ec7edc0662f8c05ee427a0758ba5833cd3787f616b5d
1VCJ,benchmarks/astex_diverse/astex_diverse/1VCJ/1VCJ.pdb,245515,aeb73ea6b5a7873e11ccc7e93d07be670f822044137abc3e6ffe1083b06a97d0
1VCJ,benchmarks/astex_diverse/astex_diverse/1VCJ/1VCJ_apo.pdb,245515,aeb73ea6b5a7873e11ccc7e93d07be670f822044137abc3e6ffe1083b06a97d0
1VCJ,benchmarks/astex_diverse/astex_diverse/1VCJ/1VCJ_binding_site.pdb,4227,40f24bac92c3fb8d42b741e1b0b846860f2b7db6a98ee24a2b3f8136b290b84a
1VCJ,benchmarks/astex_diverse/astex_diverse/1VCJ/1VCJ_ligand.sdf,2475,3fd69537f262b6f392bb5d12a9dd63f4146ee6e7d8038a153651160868d273d2
1W1P,benchmarks/astex_diverse/astex_diverse/1W1P/1W1P.cif,985914,e73303f8ba4c5365402d412fb23c9dc8737def64d30240144a1cf7e21294897f
1W1P,benchmarks/astex_diverse/astex_diverse/1W1P/1W1P.pdb,635044,08a2aadb352de0414452bb9386bf1add6d5797606d77372430e5449755c1ef27
1W1P,benchmarks/astex_diverse/astex_diverse/1W1P/1W1P_apo.pdb,635044,08a2aadb352de0414452bb9386bf1add6d5797606d77372430e5449755c1ef27
1W1P,benchmarks/astex_diverse/astex_diverse/1W1P/1W1P_binding_site.pdb,21723,3998987d19a31347ff72b23ced965c4b67b5571d56817e64febe586469f71d20
1W1P,benchmarks/astex_diverse/astex_diverse/1W1P/1W1P_ligand.sdf,1187,71ae74cecc9e2cd6291d444d19b611e84807165adc8fe78861859e438eff9ed2
1W2G,benchmarks/astex_diverse/astex_diverse/1W2G/1W2G.cif,374373,d8e2ae71f309391cc587c488d4b5a5dbc66852060c16b99695cbc4fc65e51bb5
1W2G,benchmarks/astex_diverse/astex_diverse/1W2G/1W2G.pdb,235309,8381ec887b87504a66b8365f43afef60f550cbf645c04fb957071a48a254ba09
1W2G,benchmarks/astex_diverse/astex_diverse/1W2G/1W2G_apo.pdb,235309,8381ec887b87504a66b8365f43afef60f550cbf645c04fb957071a48a254ba09
1W2G,benchmarks/astex_diverse/astex_diverse/1W2G/1W2G_binding_site.pdb,5928,c6f4be76f0618e4d455467edb1e476522329e4fa7a8f795e3a615134496d95d6
1W2G,benchmarks/astex_diverse/astex_diverse/1W2G/1W2G_ligand.sdf,1739,035e8291748bba9d9ff24b5c8fa8945eeca9188fa89163b2509672315bac0db0
1X8X,benchmarks/astex_diverse/astex_diverse/1X8X/1X8X.cif,319493,b6dc5cfe72661d83127795452644235412e3759bc719c98c9341550d1d1ddf70
1X8X,benchmarks/astex_diverse/astex_diverse/1X8X/1X8X.pdb,206068,9112f1ef6f0120d3c09db4715f6b760e918bf8131251f6d655591f7846229536
1X8X,benchmarks/astex_diverse/astex_diverse/1X8X/1X8X_apo.pdb,206068,9112f1ef6f0120d3c09db4715f6b760e918bf8131251f6d655591f7846229536
1X8X,benchmarks/astex_diverse/astex_diverse/1X8X/1X8X_binding_site.pdb,10788,f060d8c68bc19f4de4ea8ba5ff5accca0b8a674f30f54e99d16a7c17cdcbad7e
1X8X,benchmarks/astex_diverse/astex_diverse/1X8X/1X8X_ligand.sdf,1349,4d70c4492f4641377d22a7a096e8a95f5a2fa97e00b9baa4617d5424a5b3aff3
1X8X,benchmarks/astex_diverse/astex_diverse/1X8X/1X8X_ligand_centered_site.pdb,7938,95fa2b97d08073c345d2655961a9695520cbf3d09487ee8b1e5446d876d6ea96
1XM6,benchmarks/astex_diverse/astex_diverse/1XM6/1XM6.cif,657183,51db42d860eb46c998ca8b37a0e92f7bb8a11a3ac51058dd9bc19371379f1fe7
1XM6,benchmarks/astex_diverse/astex_diverse/1XM6/1XM6.pdb,438295,91f73107b8ceb6d6b7857ae92eea808408e861f3dee758de9f14e779606948e7
1XM6,benchmarks/astex_diverse/astex_diverse/1XM6/1XM6_apo.pdb,438295,91f73107b8ceb6d6b7857ae92eea808408e861f3dee758de9f14e779606948e7
1XM6,benchmarks/astex_diverse/astex_diverse/1XM6/1XM6_binding_site.pdb,10626,9fad3f27e74af58feb6dafa9df7f21bdfc695cbb34d9cadcfa0192ebb2a26e25
1XM6,benchmarks/astex_diverse/astex_diverse/1XM6/1XM6_ligand.sdf,1923,28e480c349fe7972ba7aa5e9504da20507fc5824737b679e306f7d317f718c79
1XOZ,benchmarks/astex_diverse/astex_diverse/1XOZ/1XOZ.cif,637026,fe211fdf50de8d34633b2cb8d861d9aa87e3750dc6858d3e031e28ff9dd4d97f
1XOZ,benchmarks/astex_diverse/astex_diverse/1XOZ/1XOZ.pdb,213763,3d018b75bc0939e37b561c11300404f744ccd56e531803d9208819ccbc642fb4
1XOZ,benchmarks/astex_diverse/astex_diverse/1XOZ/1XOZ_apo.pdb,213763,3d018b75bc0939e37b561c11300404f744ccd56e531803d9208819ccbc642fb4
1XOZ,benchmarks/astex_diverse/astex_diverse/1XOZ/1XOZ_binding_site.pdb,10383,2f859c290c931f73ec69bcb581a0f87387b55d4069e60220672280d5c397f716
1XOZ,benchmarks/astex_diverse/astex_diverse/1XOZ/1XOZ_ligand.sdf,2931,db17717fbed1bf8bbdbda11583b192d602f53c25cc566dac8f7aec93eed4e7f8
1Y6B,benchmarks/astex_diverse/astex_diverse/1Y6B/1Y6B.cif,289822,fb441ae1a7586aa70e98e1511db8de83fe6536d3864df7c13a3bff75fbf501dd
1Y6B,benchmarks/astex_diverse/astex_diverse/1Y6B/1Y6B.pdb,172939,d3cd457fc45526356c6dd29dae7bc3b3759a9fe10aadd77990484585a2bde132
1Y6B,benchmarks/astex_diverse/astex_diverse/1Y6B/1Y6B_apo.pdb,172939,d3cd457fc45526356c6dd29dae7bc3b3759a9fe10aadd77990484585a2bde132
1Y6B,benchmarks/astex_diverse/astex_diverse/1Y6B/1Y6B_binding_site.pdb,9006,73a554dff9cb3daed7d43e6de501253b010bf28613a2c7e5987cd808d45859e5
1Y6B,benchmarks/astex_diverse/astex_diverse/1Y6B/1Y6B_ligand.sdf,3369,e379cf21750c4ac9cd563e15730fab5c1addac757cc3bba764898260dfbd4e46
1Y6R,benchmarks/astex_diverse/astex_diverse/1Y6R/1Y6R.cif,423058,250683cd729cfe0d2e79fc9df0f6b5598d027becbc9f045f067789bc1e9d76ed
1Y6R,benchmarks/astex_diverse/astex_diverse/1Y6R/1Y6R.pdb,278239,e0b6117d2abad709c38aeec4cc29ed3a2832bc6d3689d1af8ce72d86a77785d7
1Y6R,benchmarks/astex_diverse/astex_diverse/1Y6R/1Y6R_apo.pdb,278239,e0b6117d2abad709c38aeec4cc29ed3a2832bc6d3689d1af8ce72d86a77785d7
1Y6R,benchmarks/astex_diverse/astex_diverse/1Y6R/1Y6R_binding_site.pdb,7710,9c370f6f07e718a4eca8031cb70058344a9d951a442f7c70dcd5897fc78bb49b
1Y6R,benchmarks/astex_diverse/astex_diverse/1Y6R/1Y6R_ligand.sdf,2037,456d725d09ce77b193ee4752f23b6f91d548699fe22c8ceafc214b22b096fe34
1YGC,benchmarks/astex_diverse/astex_diverse/1YGC/1YGC.cif,339459,6312f6ff04106573e2309a12ce7180dab138ffc576a6715b2a250e06146b77a8
1YGC,benchmarks/astex_diverse/astex_diverse/1YGC/1YGC.pdb,191974,87ed08cb4bb90b08820476350acffff363d756c264700688fc327d1d32132b95
1YGC,benchmarks/astex_diverse/astex_diverse/1YGC/1YGC_apo.pdb,191974,87ed08cb4bb90b08820476350acffff363d756c264700688fc327d1d32132b95
1YGC,benchmarks/astex_diverse/astex_diverse/1YGC/1YGC_binding_site.pdb,8763,032ebe9ebe49f24e19b7a64af9fd07414e007c2a18919f0377e194f8c59e7791
1YGC,benchmarks/astex_diverse/astex_diverse/1YGC/1YGC_ligand.sdf,3693,2b5c8a816c4aa2e3a7c648273e3a1983d7c0939648ec40c8a6f2e99f304ec4df
1YQY,benchmarks/astex_diverse/astex_diverse/1YQY/1YQY.cif,536096,bb43f1f378509e6154147939268434ed49a8758789e2c0a82db61c971aeb1ff7
1YQY,benchmarks/astex_diverse/astex_diverse/1YQY/1YQY.pdb,337288,2d8ad09d0afd6bec8f5d7db68fa6586f11c7f8572fa8f8b51d76e6b366ea9134
1YQY,benchmarks/astex_diverse/astex_diverse/1YQY/1YQY_apo.pdb,337288,2d8ad09d0afd6bec8f5d7db68fa6586f11c7f8572fa8f8b51d76e6b366ea9134
1YQY,benchmarks/astex_diverse/astex_diverse/1YQY/1YQY_binding_site.pdb,36222,d590e5008b31d5a910105fa97c239fb3bbafda636afb2a63f65749f39b34753f
1YQY,benchmarks/astex_diverse/astex_diverse/1YQY/1YQY_ligand.sdf,2291,17a0789231f1f5a9250c5d694a24364c1850f25de5039ab2f1c196da89695f2f
1YQY,benchmarks/astex_diverse/astex_diverse/1YQY/1YQY_ligand_centered_site.pdb,10206,19c8bc6a7d0e2762b95fc52a76f7e53b1293537b0e88a01918295df0981c5c4e
1YV3,benchmarks/astex_diverse/astex_diverse/1YV3/1YV3.cif,727938,a1731559317a2ebb7f91c29222eeff9ea92734ce25153c6c1667132f969cb04d
1YV3,benchmarks/astex_diverse/astex_diverse/1YV3/1YV3.pdb,444208,aee3e6b582d96c7289c0dc00f3402d7471873f41307dabccdc24c7dfc8d809ff
1YV3,benchmarks/astex_diverse/astex_diverse/1YV3/1YV3_apo.pdb,444208,aee3e6b582d96c7289c0dc00f3402d7471873f41307dabccdc24c7dfc8d809ff
1YV3,benchmarks/astex_diverse/astex_diverse/1YV3/1YV3_binding_site.pdb,13704,dea7d6e75aa1333f6116e6b0338990781d00ac24116471322255052bc48492c6
1YV3,benchmarks/astex_diverse/astex_diverse/1YV3/1YV3_ligand.sdf,2243,8c43119ad23c208fc7e9203add8880a26c87924debe9341666d7a507fd8d39e5
1YV3,benchmarks/astex_diverse/astex_diverse/1YV3/1YV3_ligand_centered_site.pdb,10611,5247544ce2baec794c970b40d1d8ea765402f9cfdca8feb0b3934acc36060d0c
1YVF,benchmarks/astex_diverse/astex_diverse/1YVF/1YVF.cif,523942,164d963a4cb8152028d4782f0c1e1a3d2b90d829d041d9ccac19f43127248d48
1YVF,benchmarks/astex_diverse/astex_diverse/1YVF/1YVF.pdb,355594,9b23eeb1a52c2b607f9279db8b1912be05c19bcbcb217c6df0acf42a12cd6b9b
1YVF,benchmarks/astex_diverse/astex_diverse/1YVF/1YVF_apo.pdb,355594,9b23eeb1a52c2b607f9279db8b1912be05c19bcbcb217c6df0acf42a12cd6b9b
1YVF,benchmarks/astex_diverse/astex_diverse/1YVF/1YVF_binding_site.pdb,37032,90bc0fe426a0aed25c2e9855fd66ab3204174c8eeb88c3d1a780632c370ed236
1YVF,benchmarks/astex_diverse/astex_diverse/1YVF/1YVF_ligand.sdf,2773,c1a99f2e28b5b9a1f33b250ad1e28b799c21e5f0bca618af781f1454fea25b5a
1YVF,benchmarks/astex_diverse/astex_diverse/1YVF/1YVF_ligand_centered_site.pdb,10044,bba5ca1f2e30210adbd46307182da6cd3577ce00695879d426437e3e8a663b5c
1YWR,benchmarks/astex_diverse/astex_diverse/1YWR/1YWR.cif,346956,c55057db7848d08425e0d86d4d8a29ecf0d7dabd36ce1ea84940509b5249700f
1YWR,benchmarks/astex_diverse/astex_diverse/1YWR/1YWR.pdb,220972,cc57d623c58e5d717dec84da7e0d67ce18ee290bae23fa3bfcac5c29364b9a13
1YWR,benchmarks/astex_diverse/astex_diverse/1YWR/1YWR_apo.pdb,220972,cc57d623c58e5d717dec84da7e0d67ce18ee290bae23fa3bfcac5c29364b9a13
1YWR,benchmarks/astex_diverse/astex_diverse/1YWR/1YWR_binding_site.pdb,13866,05dad6705f32e9d1771c6f866890130049aca13786984f1d51867a479d63949e
1YWR,benchmarks/astex_diverse/astex_diverse/1YWR/1YWR_ligand.sdf,3461,e39d1574f91cbadd77d945a13c00325a2a02ee5721431e017b4bf3fffde1dd2e
1Z95,benchmarks/astex_diverse/astex_diverse/1Z95/1Z95.cif,257560,928bcb8dff2c2f8060b2e124194507d147622d994ded6e19fc1c87811506039b
1Z95,benchmarks/astex_diverse/astex_diverse/1Z95/1Z95.pdb,157630,166b0d48c05e13c8335168b50b13251eb8d1ddf30d49d2ad9ab4aa6f16f65efa
1Z95,benchmarks/astex_diverse/astex_diverse/1Z95/1Z95_apo.pdb,157630,166b0d48c05e13c8335168b50b13251eb8d1ddf30d49d2ad9ab4aa6f16f65efa
1Z95,benchmarks/astex_diverse/astex_diverse/1Z95/1Z95_binding_site.pdb,4632,74f45594ea3598d78b239a5544b71dfa2c18996bbe86457b5763555bfeaa2ca6
1Z95,benchmarks/astex_diverse/astex_diverse/1Z95/1Z95_ligand.sdf,2843,4216de8a99eb6eeeafdce20adca6ccb707aadfe551fda42bacd829d010c0a941
2BM2,benchmarks/astex_diverse/astex_diverse/2BM2/2BM2.cif,881115,f8917bb85e72ea7fe262df8c9becc8827adb35f365ba9fe4cc8838b654bdfd48
2BM2,benchmarks/astex_diverse/astex_diverse/2BM2/2BM2.pdb,619492,afefb3327beaf9554747ddc5e73de1bb2facc6cffc44a8c9e74caebf00ca7c58
2BM2,benchmarks/astex_diverse/astex_diverse/2BM2/2BM2_apo.pdb,619492,afefb3327beaf9554747ddc5e73de1bb2facc6cffc44a8c9e74caebf00ca7c58
2BM2,benchmarks/astex_diverse/astex_diverse/2BM2/2BM2_binding_site.pdb,420,fc90035e52345a527fe92fc91f4a6a7aba376434736ae2ec5baeb32ed79b5549
2BM2,benchmarks/astex_diverse/astex_diverse/2BM2/2BM2_ligand.sdf,2979,c11ae6b3d8ed8cb7d5e5af9fdfe33bba5d0aad0082221b48ab556791a9e9edf6
2BR1,benchmarks/astex_diverse/astex_diverse/2BR1/2BR1.cif,324446,932ccf21d2e77cd47b1cdd880d8604b042721ed7ad5527922e2c64accebf5fbe
2BR1,benchmarks/astex_diverse/astex_diverse/2BR1/2BR1.pdb,179581,d0df8ac2009ae97e18dafd5fb75e37ea1a64238c68253eb674233cd4990e820c
2BR1,benchmarks/astex_diverse/astex_diverse/2BR1/2BR1_apo.pdb,179581,d0df8ac2009ae97e18dafd5fb75e37ea1a64238c68253eb674233cd4990e820c
2BR1,benchmarks/astex_diverse/astex_diverse/2BR1/2BR1_binding_site.pdb,6576,ec1c8b210a818da31cf6617072504fdb7cad5663bb1627035366b7e58c94a0c7
2BR1,benchmarks/astex_diverse/astex_diverse/2BR1/2BR1_ligand.sdf,2887,175a1ee9a1abb89a803b1454adb16f9552367f471289e026093f480259d7452d
2BSM,benchmarks/astex_diverse/astex_diverse/2BSM/2BSM.cif,256343,ea85d237c17ebb57658986da081b84ea5f12415c68e7113e4a182a0193f67bda
2BSM,benchmarks/astex_diverse/astex_diverse/2BSM/2BSM.pdb,131872,a4043be487842d3c4cf58cadf3b483d51e6328dec05d3c4e3097f46ca4a672ef
2BSM,benchmarks/astex_diverse/astex_diverse/2BSM/2BSM_apo.pdb,131872,a4043be487842d3c4cf58cadf3b483d51e6328dec05d3c4e3097f46ca4a672ef
2BSM,benchmarks/astex_diverse/astex_diverse/2BSM/2BSM_binding_site.pdb,6333,c4a4ebae6ec202a90c3dc3625c208dce2669768dfe0ca1498bd1d3ada4280698
2BSM,benchmarks/astex_diverse/astex_diverse/2BSM/2BSM_ligand.sdf,2681,b3cc28b1ab7e6c4422b08d1b0a5e037dcd3f0e2cc42fd0d245c1921dd07cf305
2BYS,benchmarks/astex_diverse/astex_diverse/2BYS/2BYS.cif,1972667,3efe2ce02a258829886bc675e8c8be9fdacdb4ce2ce9253f5f59a89b46bd59d3
2BYS,benchmarks/astex_diverse/astex_diverse/2BYS/2BYS.pdb,1351246,2bcd4c941e4bfa6e53e665b430c9ab46da799090938acee3ddabb3ea885a2412
2BYS,benchmarks/astex_diverse/astex_diverse/2BYS/2BYS_apo.pdb,270220,32860a23f7e1ad0ddf0dc4defe5112186f4d7166ddb6f38457f218af7d6118be
2BYS,benchmarks/astex_diverse/astex_diverse/2BYS/2BYS_binding_site.pdb,26988,cef89607ef8c6ddb6b333b0e50ffde7a74707465a1a54267d5fa370843ccdad3
2BYS,benchmarks/astex_diverse/astex_diverse/2BYS/2BYS_ligand.sdf,2497,886062250f721cee22d26a2c902a82b1c32afaa83f924f25fa65f559fef53bc1
2C3I,benchmarks/astex_diverse/astex_diverse/2C3I/2C3I.cif,300950,42e1a787bdf37aba202b5cbe16787cfafce247224dedc7673f7702d9a6abf99d
2C3I,benchmarks/astex_diverse/astex_diverse/2C3I/2C3I.pdb,181930,19c94aa5eb133f51269cd6bf181cc7250a67d576ec3df14d5342356467ad94d2
2C3I,benchmarks/astex_diverse/astex_diverse/2C3I/2C3I_apo.pdb,181930,19c94aa5eb133f51269cd6bf181cc7250a67d576ec3df14d5342356467ad94d2
2C3I,benchmarks/astex_diverse/astex_diverse/2C3I/2C3I_binding_site.pdb,11274,9591d26a10ab8e508e870c06a87717fd7708c2f392fd179b825ce6edc6d196ed
2C3I,benchmarks/astex_diverse/astex_diverse/2C3I/2C3I_ligand.sdf,2335,8f5ff9eb92d46e52afaac45e8febfa0deda2510637a0d204c3f672269f14304c
2CET,benchmarks/astex_diverse/astex_diverse/2CET/2CET.cif,861485,d5a553f31d4b7aab0e8ddfc2db6ecaca4027ee70626eeb0f6ec3c554c3d04e22
2CET,benchmarks/astex_diverse/astex_diverse/2CET/2CET.pdb,593167,47fd938b576f0ca21f5686cae73541bdecc67cb42a8e05bad0f3d93eb34ef15a
2CET,benchmarks/astex_diverse/astex_diverse/2CET/2CET_apo.pdb,593167,47fd938b576f0ca21f5686cae73541bdecc67cb42a8e05bad0f3d93eb34ef15a
2CET,benchmarks/astex_diverse/astex_diverse/2CET/2CET_binding_site.pdb,9330,353d70b9ec3d06de05a00beb541edc3f188b8eced9756481504e9bd9d0dd3d92
2CET,benchmarks/astex_diverse/astex_diverse/2CET/2CET_ligand.sdf,2221,8fe09057b03267b13b4030e406060185877e2431a835a078159d7aebb1201f98
2CGR,benchmarks/astex_diverse/astex_diverse/2CGR/2CGR.cif,397355,c648d07a6229cccd0ad5507614be6d1dc5e2236ea2b663184083b1dee1599b99
2CGR,benchmarks/astex_diverse/astex_diverse/2CGR/2CGR.pdb,267628,1cacba0395170a1a260aef5e6700738ae19c3488d3b360825e71525cab87f3fb
2CGR,benchmarks/astex_diverse/astex_diverse/2CGR/2CGR_apo.pdb,267628,1cacba0395170a1a260aef5e6700738ae19c3488d3b360825e71525cab87f3fb
2CGR,benchmarks/astex_diverse/astex_diverse/2CGR/2CGR_binding_site.pdb,6333,3804aba92152a2263504a71e12809cc2cf2a4068821ed8f3df19103e22e294a3
2CGR,benchmarks/astex_diverse/astex_diverse/2CGR/2CGR_ligand.sdf,2865,ff9ac19e658c73611cca8026fa6e82c8695f477e1839ac710ec3e42b2dfa157c
2D3U,benchmarks/astex_diverse/astex_diverse/2D3U/2D3U.cif,982379,d7d6897072c3a32902f3c5c7379520590ff6f6624463790c2cde0a6518e70a47
2D3U,benchmarks/astex_diverse/astex_diverse/2D3U/2D3U.pdb,703732,6aa971f444d1f1f31673549ac65457ff175711a0f3e2f56f532e570ae72d03d3
2D3U,benchmarks/astex_diverse/astex_diverse/2D3U/2D3U_apo.pdb,703732,6aa971f444d1f1f31673549ac65457ff175711a0f3e2f56f532e570ae72d03d3
2D3U,benchmarks/astex_diverse/astex_diverse/2D3U/2D3U_binding_site.pdb,12732,6a03973460e52f1312042a55ab8cf2ffc95eb2be7fda2783411f429a12df3fca
2D3U,benchmarks/astex_diverse/astex_diverse/2D3U/2D3U_ligand.sdf,2681,47af17de1831dc72bec37ad4ecbeb6aee8028607729acd0708b2af4108a2cb72
2D3U,benchmarks/astex_diverse/astex_diverse/2D3U/2D3U_ligand_centered_site.pdb,8829,f449cace08fc84e844300f3376283c0cde1677783c01c89c82a67aa6d44895fc
2GBP,benchmarks/astex_diverse/astex_diverse/2GBP/2GBP.cif,310143,c9cd68018aa4480701bfd1f6240e65310d64b48d35f7cfea6aaf4ce3e7b030f2
2GBP,benchmarks/astex_diverse/astex_diverse/2GBP/2GBP.pdb,190273,fd910ae4430a72356913472481c2c1b4a50b01e54b3dd6e85d0b5584ac140337
2GBP,benchmarks/astex_diverse/astex_diverse/2GBP/2GBP_apo.pdb,190273,fd910ae4430a72356913472481c2c1b4a50b01e54b3dd6e85d0b5584ac140337
2GBP,benchmarks/astex_diverse/astex_diverse/2GBP/2GBP_binding_site.pdb,2688,183d62420f008173ade8d54407dcf696aaf4f5c0abf82200005ff1ed5ba94495
2GBP,benchmarks/astex_diverse/astex_diverse/2GBP/2GBP_ligand.sdf,1265,6ecda802240ddf40791e27ce6c33ccb738d8a29894d9d819098c72884abb805a
2HB1,benchmarks/astex_diverse/astex_diverse/2HB1/2HB1.cif,304314,be75e017a08e2b7dc6a70635ca26b6cfe4af5a3cf811e8ab8e0b01f16313f214
2HB1,benchmarks/astex_diverse/astex_diverse/2HB1/2HB1.pdb,196510,444870c5ed59a7970f936c8dca46f77a65b21d3030327af536b86843929118f4
2HB1,benchmarks/astex_diverse/astex_diverse/2HB1/2HB1_apo.pdb,196510,444870c5ed59a7970f936c8dca46f77a65b21d3030327af536b86843929118f4
2HB1,benchmarks/astex_diverse/astex_diverse/2HB1/2HB1_binding_site.pdb,6657,bfdbfa8db656a3fa916e2274a4eaadb6f68d064777eb544fe78f2964bf09eb89
2HB1,benchmarks/astex_diverse/astex_diverse/2HB1/2HB1_ligand.sdf,1441,6e2a2727aafef163bf2c5550bfc1468a3a9b99f58a96d5e163b404a9b871d193
2HR7,benchmarks/astex_diverse/astex_diverse/2HR7/2HR7.cif,954119,460966aadce6a220e4ac24d436b05e4da0cef7d51158295dc6366d3e08f326f9
2HR7,benchmarks/astex_diverse/astex_diverse/2HR7/2HR7.pdb,608881,69d143e00cecc212f2aa43d28b3fd074dcaf0f372c5f8040e91d1910471f39cb
2HR7,benchmarks/astex_diverse/astex_diverse/2HR7/2HR7_apo.pdb,608881,69d143e00cecc212f2aa43d28b3fd074dcaf0f372c5f8040e91d1910471f39cb
2HR7,benchmarks/astex_diverse/astex_diverse/2HR7/2HR7_binding_site.pdb,30957,3d3956132d0cb08f90d0a4c20c7c788b9373e2e5293004f9da218b2a9f248857
2HR7,benchmarks/astex_diverse/astex_diverse/2HR7/2HR7_ligand.sdf,2155,3ec0293a2649965a301bf1fdff162ea3c10b8f30138b3422c2dbd88406926b80
2HR7,benchmarks/astex_diverse/astex_diverse/2HR7/2HR7_ligand_centered_site.pdb,10125,331e20e56c2f58c6a4b9a46ce0ac7dbf6f4ba659631a2b0a31cd780fe505cae6
2J62,benchmarks/astex_diverse/astex_diverse/2J62/2J62.cif,1036103,3c12deb03523ec38fa95a0030bf3bc12ffb9f1fe6efad2742ede0587cf775cb2
2J62,benchmarks/astex_diverse/astex_diverse/2J62/2J62.pdb,749821,e6db1de36f015a6261b6ebb76cf4ebfd2f63a47d8f479cfbb28dbb29556d66ab
2J62,benchmarks/astex_diverse/astex_diverse/2J62/2J62_apo.pdb,749821,e6db1de36f015a6261b6ebb76cf4ebfd2f63a47d8f479cfbb28dbb29556d66ab
2J62,benchmarks/astex_diverse/astex_diverse/2J62/2J62_binding_site.pdb,18969,8f571cdbd4fe598dce8b281341e4e8c4cc35d733d92f6ccfcffc6c7efec0eb2a
2J62,benchmarks/astex_diverse/astex_diverse/2J62/2J62_ligand.sdf,2681,80634dbf6e70f3a2bc9805abee23bf60f09bdeec9431457a571daff36b8db3f3
