pdb_id,code_list_basis
1A30,EXTRACTED_FROM_CODE:LIB/DatasetRunner.cpp@ed17390bc802
1B6J,EXTRACTED_FROM_CODE:LIB/DatasetRunner.cpp@ed17390bc802
1B6K,EXTRACTED_FROM_CODE:LIB/DatasetRunner.cpp@ed17390bc802
1BMA,EXTRACTED_FROM_CODE:LIB/DatasetRunner.cpp@ed17390bc802
1C5Z,EXTRACTED_FROM_CODE:LIB/DatasetRunner.cpp@ed17390bc802
1E66,EXTRACTED_FROM_CODE:LIB/DatasetRunner.cpp@ed17390bc802
1EBY,EXTRACTED_FROM_CODE:LIB/DatasetRunner.cpp@ed17390bc802
1F8B,EXTRACTED_FROM_CODE:LIB/DatasetRunner.cpp@ed17390bc802
1F8D,EXTRACTED_FROM_CODE:LIB/DatasetRunner.cpp@ed17390bc802
1FEN,EXTRACTED_FROM_CODE:LIB/DatasetRunner.cpp@ed17390bc802
1FKI,EXTRACTED_FROM_CODE:LIB/DatasetRunner.cpp@ed17390bc802
1G2K,EXTRACTED_FROM_CODE:LIB/DatasetRunner.cpp@ed17390bc802
1GKC,EXTRACTED_FROM_CODE:LIB/DatasetRunner.cpp@ed17390bc802
1GNI,EXTRACTED_FROM_CODE:LIB/DatasetRunner.cpp@ed17390bc802
1GNM,EXTRACTED_FROM_CODE:LIB/DatasetRunner.cpp@ed17390bc802
1GPK,EXTRACTED_FROM_CODE:LIB/DatasetRunner.cpp@ed17390bc802
1HFS,EXTRACTED_FROM_CODE:LIB/DatasetRunner.cpp@ed17390bc802
1HNN,EXTRACTED_FROM_CODE:LIB/DatasetRunner.cpp@ed17390bc802
1HP0,EXTRACTED_FROM_CODE:LIB/DatasetRunner.cpp@ed17390bc802
1HQ2,EXTRACTED_FROM_CODE:LIB/DatasetRunner.cpp@ed17390bc802
1IA1,EXTRACTED_FROM_CODE:LIB/DatasetRunner.cpp@ed17390bc802
1J3J,EXTRACTED_FROM_CODE:LIB/DatasetRunner.cpp@ed17390bc802
1J4R,EXTRACTED_FROM_CODE:LIB/DatasetRunner.cpp@ed17390bc802
1JD0,EXTRACTED_FROM_CODE:LIB/DatasetRunner.cpp@ed17390bc802
1JJE,EXTRACTED_FROM_CODE:LIB/DatasetRunner.cpp@ed17390bc802
1K1J,EXTRACTED_FROM_CODE:LIB/DatasetRunner.cpp@ed17390bc802
1K3U,EXTRACTED_FROM_CODE:LIB/DatasetRunner.cpp@ed17390bc802
1KZK,EXTRACTED_FROM_CODE:LIB/DatasetRunner.cpp@ed17390bc802
1L2S,EXTRACTED_FROM_CODE:LIB/DatasetRunner.cpp@ed17390bc802
1L7F,EXTRACTED_FROM_CODE:LIB/DatasetRunner.cpp@ed17390bc802
1LPZ,EXTRACTED_FROM_CODE:LIB/DatasetRunner.cpp@ed17390bc802
1M2Z,EXTRACTED_FROM_CODE:LIB/DatasetRunner.cpp@ed17390bc802
1MQ6,EXTRACTED_FROM_CODE:LIB/DatasetRunner.cpp@ed17390bc802
1N1M,EXTRACTED_FROM_CODE:LIB/DatasetRunner.cpp@ed17390bc802
1N2J,EXTRACTED_FROM_CODE:LIB/DatasetRunner.cpp@ed17390bc802
1N2V,EXTRACTED_FROM_CODE:LIB/DatasetRunner.cpp@ed17390bc802
1N46,EXTRACTED_FROM_CODE:LIB/DatasetRunner.cpp@ed17390bc802
1NAV,EXTRACTED_FROM_CODE:LIB/DatasetRunner.cpp@ed17390bc802
1OF1,EXTRACTED_FROM_CODE:LIB/DatasetRunner.cpp@ed17390bc802
1OF6,EXTRACTED_FROM_CODE:LIB/DatasetRunner.cpp@ed17390bc802
1OPK,EXTRACTED_FROM_CODE:LIB/DatasetRunner.cpp@ed17390bc802
1OQ5,EXTRACTED_FROM_CODE:LIB/DatasetRunner.cpp@ed17390bc802
1OWE,EXTRACTED_FROM_CODE:LIB/DatasetRunner.cpp@ed17390bc802
1OYT,EXTRACTED_FROM_CODE:LIB/DatasetRunner.cpp@ed17390bc802
1P2Y,EXTRACTED_FROM_CODE:LIB/DatasetRunner.cpp@ed17390bc802
1P62,EXTRACTED_FROM_CODE:LIB/DatasetRunner.cpp@ed17390bc802
1PMN,EXTRACTED_FROM_CODE:LIB/DatasetRunner.cpp@ed17390bc802
1PSO,EXTRACTED_FROM_CODE:LIB/DatasetRunner.cpp@ed17390bc802
1Q1G,EXTRACTED_FROM_CODE:LIB/DatasetRunner.cpp@ed17390bc802
1Q41,EXTRACTED_FROM_CODE:LIB/DatasetRunner.cpp@ed17390bc802
1Q4G,EXTRACTED_FROM_CODE:LIB/DatasetRunner.cpp@ed17390bc802
1R1H,EXTRACTED_FROM_CODE:LIB/DatasetRunner.cpp@ed17390bc802
1R55,EXTRACTED_FROM_CODE:LIB/DatasetRunner.cpp@ed17390bc802
1R58,EXTRACTED_FROM_CODE:LIB/DatasetRunner.cpp@ed17390bc802
1R9O,EXTRACTED_FROM_CODE:LIB/DatasetRunner.cpp@ed17390bc802
1S19,EXTRACTED_FROM_CODE:LIB/DatasetRunner.cpp@ed17390bc802
1S3V,EXTRACTED_FROM_CODE:LIB/DatasetRunner.cpp@ed17390bc802
1SG0,EXTRACTED_FROM_CODE:LIB/DatasetRunner.cpp@ed17390bc802
1SJ0,EXTRACTED_FROM_CODE:LIB/DatasetRunner.cpp@ed17390bc802
1SQ5,EXTRACTED_FROM_CODE:LIB/DatasetRunner.cpp@ed17390bc802
1T40,EXTRACTED_FROM_CODE:LIB/DatasetRunner.cpp@ed17390bc802
1T46,EXTRACTED_FROM_CODE:LIB/DatasetRunner.cpp@ed17390bc802
1T49,EXTRACTED_FROM_CODE:LIB/DatasetRunner.cpp@ed17390bc802
1T9B,EXTRACTED_FROM_CODE:LIB/DatasetRunner.cpp@ed17390bc802
1TT1,EXTRACTED_FROM_CODE:LIB/DatasetRunner.cpp@ed17390bc802
1TW6,EXTRACTED_FROM_CODE:LIB/DatasetRunner.cpp@ed17390bc802
1TZ8,EXTRACTED_FROM_CODE:LIB/DatasetRunner.cpp@ed17390bc802
1U1C,EXTRACTED_FROM_CODE:LIB/DatasetRunner.cpp@ed17390bc802
1U4D,EXTRACTED_FROM_CODE:LIB/DatasetRunner.cpp@ed17390bc802
1UML,EXTRACTED_FROM_CODE:LIB/DatasetRunner.cpp@ed17390bc802
1UNL,EXTRACTED_FROM_CODE:LIB/DatasetRunner.cpp@ed17390bc802
1UOU,EXTRACTED_FROM_CODE:LIB/DatasetRunner.cpp@ed17390bc802
1V0P,EXTRACTED_FROM_CODE:LIB/DatasetRunner.cpp@ed17390bc802
1V48,EXTRACTED_FROM_CODE:LIB/DatasetRunner.cpp@ed17390bc802
1V4S,EXTRACTED_FROM_CODE:LIB/DatasetRunner.cpp@ed17390bc802
1VCJ,EXTRACTED_FROM_CODE:LIB/DatasetRunner.cpp@ed17390bc802
1W1P,EXTRACTED_FROM_CODE:LIB/DatasetRunner.cpp@ed17390bc802
1W2G,EXTRACTED_FROM_CODE:LIB/DatasetRunner.cpp@ed17390bc802
1X8X,EXTRACTED_FROM_CODE:LIB/DatasetRunner.cpp@ed17390bc802
1XM6,EXTRACTED_FROM_CODE:LIB/DatasetRunner.cpp@ed17390bc802
1XOZ,EXTRACTED_FROM_CODE:LIB/DatasetRunner.cpp@ed17390bc802
1Y6B,EXTRACTED_FROM_CODE:LIB/DatasetRunner.cpp@ed17390bc802
1Y6R,EXTRACTED_FROM_CODE:LIB/DatasetRunner.cpp@ed17390bc802
1YGC,EXTRACTED_FROM_CODE:LIB/DatasetRunner.cpp@ed17390bc802
1YQY,EXTRACTED_FROM_CODE:LIB/DatasetRunner.cpp@ed17390bc802
1YV3,EXTRACTED_FROM_CODE:LIB/DatasetRunner.cpp@ed17390bc802
1YVF,EXTRACTED_FROM_CODE:LIB/DatasetRunner.cpp@ed17390bc802
1YWR,EXTRACTED_FROM_CODE:LIB/DatasetRunner.cpp@ed17390bc802
1Z95,EXTRACTED_FROM_CODE:LIB/DatasetRunner.cpp@ed17390bc802
2AL5,EXTRACTED_FROM_CODE:LIB/DatasetRunner.cpp@ed17390bc802
2BM2,EXTRACTED_FROM_CODE:LIB/DatasetRunner.cpp@ed17390bc802
2BR1,EXTRACTED_FROM_CODE:LIB/DatasetRunner.cpp@ed17390bc802
2BSM,EXTRACTED_FROM_CODE:LIB/DatasetRunner.cpp@ed17390bc802
2BYS,EXTRACTED_FROM_CODE:LIB/DatasetRunner.cpp@ed17390bc802
2C3I,EXTRACTED_FROM_CODE:LIB/DatasetRunner.cpp@ed17390bc802
2CET,EXTRACTED_FROM_CODE:LIB/DatasetRunner.cpp@ed17390bc802
2CGR,EXTRACTED_FROM_CODE:LIB/DatasetRunner.cpp@ed17390bc802
2D3U,EXTRACTED_FROM_CODE:LIB/DatasetRunner.cpp@ed17390bc802
2FVD,EXTRACTED_FROM_CODE:LIB/DatasetRunner.cpp@ed17390bc802
2G70,EXTRACTED_FROM_CODE:LIB/DatasetRunner.cpp@ed17390bc802
2GBP,EXTRACTED_FROM_CODE:LIB/DatasetRunner.cpp@ed17390bc802
2GQG,EXTRACTED_FROM_CODE:LIB/DatasetRunner.cpp@ed17390bc802
2HB1,EXTRACTED_FROM_CODE:LIB/DatasetRunner.cpp@ed17390bc802
2HR7,EXTRACTED_FROM_CODE:LIB/DatasetRunner.cpp@ed17390bc802
2IW1,EXTRACTED_FROM_CODE:LIB/DatasetRunner.cpp@ed17390bc802
2J62,EXTRACTED_FROM_CODE:LIB/DatasetRunner.cpp@ed17390bc802
2J78,EXTRACTED_FROM_CODE:LIB/DatasetRunner.cpp@ed17390bc802
2JDM,EXTRACTED_FROM_CODE:LIB/DatasetRunner.cpp@ed17390bc802
2JDY,EXTRACTED_FROM_CODE:LIB/DatasetRunner.cpp@ed17390bc802
2OBF,EXTRACTED_FROM_CODE:LIB/DatasetRunner.cpp@ed17390bc802
2P4Y,EXTRACTED_FROM_CODE:LIB/DatasetRunner.cpp@ed17390bc802
2PQ9,EXTRACTED_FROM_CODE:LIB/DatasetRunner.cpp@ed17390bc802
2QBP,EXTRACTED_FROM_CODE:LIB/DatasetRunner.cpp@ed17390bc802
2QBQ,EXTRACTED_FROM_CODE:LIB/DatasetRunner.cpp@ed17390bc802
2QBR,EXTRACTED_FROM_CODE:LIB/DatasetRunner.cpp@ed17390bc802
2QBS,EXTRACTED_FROM_CODE:LIB/DatasetRunner.cpp@ed17390bc802
2R9W,EXTRACTED_FROM_CODE:LIB/DatasetRunner.cpp@ed17390bc802
2V00,EXTRACTED_FROM_CODE:LIB/DatasetRunner.cpp@ed17390bc802
2VO5,EXTRACTED_FROM_CODE:LIB/DatasetRunner.cpp@ed17390bc802
2VVN,EXTRACTED_FROM_CODE:LIB/DatasetRunner.cpp@ed17390bc802
2VW5,EXTRACTED_FROM_CODE:LIB/DatasetRunner.cpp@ed17390bc802
2W66,EXTRACTED_FROM_CODE:LIB/DatasetRunner.cpp@ed17390bc802
2W97,EXTRACTED_FROM_CODE:LIB/DatasetRunner.cpp@ed17390bc802
2WBG,EXTRACTED_FROM_CODE:LIB/DatasetRunner.cpp@ed17390bc802
2WCA,EXTRACTED_FROM_CODE:LIB/DatasetRunner.cpp@ed17390bc802
2WER,EXTRACTED_FROM_CODE:LIB/DatasetRunner.cpp@ed17390bc802
2WHB,EXTRACTED_FROM_CODE:LIB/DatasetRunner.cpp@ed17390bc802
2WN9,EXTRACTED_FROM_CODE:LIB/DatasetRunner.cpp@ed17390bc802
2WT2,EXTRACTED_FROM_CODE:LIB/DatasetRunner.cpp@ed17390bc802
2WTV,EXTRACTED_FROM_CODE:LIB/DatasetRunner.cpp@ed17390bc802
2WYG,EXTRACTED_FROM_CODE:LIB/DatasetRunner.cpp@ed17390bc802
2X00,EXTRACTED_FROM_CODE:LIB/DatasetRunner.cpp@ed17390bc802
2X0Y,EXTRACTED_FROM_CODE:LIB/DatasetRunner.cpp@ed17390bc802
2XB8,EXTRACTED_FROM_CODE:LIB/DatasetRunner.cpp@ed17390bc802
2XBV,EXTRACTED_FROM_CODE:LIB/DatasetRunner.cpp@ed17390bc802
2XDL,EXTRACTED_FROM_CODE:LIB/DatasetRunner.cpp@ed17390bc802
2XHM,EXTRACTED_FROM_CODE:LIB/DatasetRunner.cpp@ed17390bc802
2XJ7,EXTRACTED_FROM_CODE:LIB/DatasetRunner.cpp@ed17390bc802
2XJJ,EXTRACTED_FROM_CODE:LIB/DatasetRunner.cpp@ed17390bc802
2XNB,EXTRACTED_FROM_CODE:LIB/DatasetRunner.cpp@ed17390bc802
2XYS,EXTRACTED_FROM_CODE:LIB/DatasetRunner.cpp@ed17390bc802
2Y5H,EXTRACTED_FROM_CODE:LIB/DatasetRunner.cpp@ed17390bc802
2YFE,EXTRACTED_FROM_CODE:LIB/DatasetRunner.cpp@ed17390bc802
2YGE,EXTRACTED_FROM_CODE:LIB/DatasetRunner.cpp@ed17390bc802
2YLB,EXTRACTED_FROM_CODE:LIB/DatasetRunner.cpp@ed17390bc802
2YMD,EXTRACTED_FROM_CODE:LIB/DatasetRunner.cpp@ed17390bc802
2YPL,EXTRACTED_FROM_CODE:LIB/DatasetRunner.cpp@ed17390bc802
2ZB1,EXTRACTED_FROM_CODE:LIB/DatasetRunner.cpp@ed17390bc802
2ZXD,EXTRACTED_FROM_CODE:LIB/DatasetRunner.cpp@ed17390bc802
3AO4,EXTRACTED_FROM_CODE:LIB/DatasetRunner.cpp@ed17390bc802
3AGN,EXTRACTED_FROM_CODE:LIB/DatasetRunner.cpp@ed17390bc802
3BL1,EXTRACTED_FROM_CODE:LIB/DatasetRunner.cpp@ed17390bc802
3BV9,EXTRACTED_FROM_CODE:LIB/DatasetRunner.cpp@ed17390bc802
3CJ4,EXTRACTED_FROM_CODE:LIB/DatasetRunner.cpp@ed17390bc802
3CJ2,EXTRACTED_FROM_CODE:LIB/DatasetRunner.cpp@ed17390bc802
3CKZ,EXTRACTED_FROM_CODE:LIB/DatasetRunner.cpp@ed17390bc802
3CYU,EXTRACTED_FROM_CODE:LIB/DatasetRunner.cpp@ed17390bc802
3D4Z,EXTRACTED_FROM_CODE:LIB/DatasetRunner.cpp@ed17390bc802
3DD0,EXTRACTED_FROM_CODE:LIB/DatasetRunner.cpp@ed17390bc802
3DDQ,EXTRACTED_FROM_CODE:LIB/DatasetRunner.cpp@ed17390bc802
3DXG,EXTRACTED_FROM_CODE:LIB/DatasetRunner.cpp@ed17390bc802
3EBP,EXTRACTED_FROM_CODE:LIB/DatasetRunner.cpp@ed17390bc802
3EIG,EXTRACTED_FROM_CODE:LIB/DatasetRunner.cpp@ed17390bc802
3EL1,EXTRACTED_FROM_CODE:LIB/DatasetRunner.cpp@ed17390bc802
3F3A,EXTRACTED_FROM_CODE:LIB/DatasetRunner.cpp@ed17390bc802
3F3C,EXTRACTED_FROM_CODE:LIB/DatasetRunner.cpp@ed17390bc802
3F3D,EXTRACTED_FROM_CODE:LIB/DatasetRunner.cpp@ed17390bc802
3F3E,EXTRACTED_FROM_CODE:LIB/DatasetRunner.cpp@ed17390bc802
3FV1,EXTRACTED_FROM_CODE:LIB/DatasetRunner.cpp@ed17390bc802
3FV2,EXTRACTED_FROM_CODE:LIB/DatasetRunner.cpp@ed17390bc802
3GBB,EXTRACTED_FROM_CODE:LIB/DatasetRunner.cpp@ed17390bc802
3GEN,EXTRACTED_FROM_CODE:LIB/DatasetRunner.cpp@ed17390bc802
3GI5,EXTRACTED_FROM_CODE:LIB/DatasetRunner.cpp@ed17390bc802
3GP0,EXTRACTED_FROM_CODE:LIB/DatasetRunner.cpp@ed17390bc802
3GQL,EXTRACTED_FROM_CODE:LIB/DatasetRunner.cpp@ed17390bc802
3GV9,EXTRACTED_FROM_CODE:LIB/DatasetRunner.cpp@ed17390bc802
3GVU,EXTRACTED_FROM_CODE:LIB/DatasetRunner.cpp@ed17390bc802
3HUC,EXTRACTED_FROM_CODE:LIB/DatasetRunner.cpp@ed17390bc802
3IAR,EXTRACTED_FROM_CODE:LIB/DatasetRunner.cpp@ed17390bc802
3JVR,EXTRACTED_FROM_CODE:LIB/DatasetRunner.cpp@ed17390bc802
3JVS,EXTRACTED_FROM_CODE:LIB/DatasetRunner.cpp@ed17390bc802
3JY0,EXTRACTED_FROM_CODE:LIB/DatasetRunner.cpp@ed17390bc802
3K5V,EXTRACTED_FROM_CODE:LIB/DatasetRunner.cpp@ed17390bc802
3KGP,EXTRACTED_FROM_CODE:LIB/DatasetRunner.cpp@ed17390bc802
3KMZ,EXTRACTED_FROM_CODE:LIB/DatasetRunner.cpp@ed17390bc802
3KR8,EXTRACTED_FROM_CODE:LIB/DatasetRunner.cpp@ed17390bc802
3KWA,EXTRACTED_FROM_CODE:LIB/DatasetRunner.cpp@ed17390bc802
3L3N,EXTRACTED_FROM_CODE:LIB/DatasetRunner.cpp@ed17390bc802
3L4U,EXTRACTED_FROM_CODE:LIB/DatasetRunner.cpp@ed17390bc802
3L4W,EXTRACTED_FROM_CODE:LIB/DatasetRunner.cpp@ed17390bc802
3L7B,EXTRACTED_FROM_CODE:LIB/DatasetRunner.cpp@ed17390bc802
3LKA,EXTRACTED_FROM_CODE:LIB/DatasetRunner.cpp@ed17390bc802
3MFV,EXTRACTED_FROM_CODE:LIB/DatasetRunner.cpp@ed17390bc802
3MNA,EXTRACTED_FROM_CODE:LIB/DatasetRunner.cpp@ed17390bc802
3MUZ,EXTRACTED_FROM_CODE:LIB/DatasetRunner.cpp@ed17390bc802
3MY5,EXTRACTED_FROM_CODE:LIB/DatasetRunner.cpp@ed17390bc802
3N7A,EXTRACTED_FROM_CODE:LIB/DatasetRunner.cpp@ed17390bc802
3N86,EXTRACTED_FROM_CODE:LIB/DatasetRunner.cpp@ed17390bc802
3NW9,EXTRACTED_FROM_CODE:LIB/DatasetRunner.cpp@ed17390bc802
3NZK,EXTRACTED_FROM_CODE:LIB/DatasetRunner.cpp@ed17390bc802
3OAF,EXTRACTED_FROM_CODE:LIB/DatasetRunner.cpp@ed17390bc802
3OOF,EXTRACTED_FROM_CODE:LIB/DatasetRunner.cpp@ed17390bc802
3OUP,EXTRACTED_FROM_CODE:LIB/DatasetRunner.cpp@ed17390bc802
3OZS,EXTRACTED_FROM_CODE:LIB/DatasetRunner.cpp@ed17390bc802
3OZT,EXTRACTED_FROM_CODE:LIB/DatasetRunner.cpp@ed17390bc802
3P3G,EXTRACTED_FROM_CODE:LIB/DatasetRunner.cpp@ed17390bc802
3P5O,EXTRACTED_FROM_CODE:LIB/DatasetRunner.cpp@ed17390bc802
3PCG,EXTRACTED_FROM_CODE:LIB/DatasetRunner.cpp@ed17390bc802
3PE2,EXTRACTED_FROM_CODE:LIB/DatasetRunner.cpp@ed17390bc802
3PFQ,EXTRACTED_FROM_CODE:LIB/DatasetRunner.cpp@ed17390bc802
3PRS,EXTRACTED_FROM_CODE:LIB/DatasetRunner.cpp@ed17390bc802
3PWW,EXTRACTED_FROM_CODE:LIB/DatasetRunner.cpp@ed17390bc802
3QAA,EXTRACTED_FROM_CODE:LIB/DatasetRunner.cpp@ed17390bc802
3QBH,EXTRACTED_FROM_CODE:LIB/DatasetRunner.cpp@ed17390bc802
3QGW,EXTRACTED_FROM_CODE:LIB/DatasetRunner.cpp@ed17390bc802
3QGY,EXTRACTED_FROM_CODE:LIB/DatasetRunner.cpp@ed17390bc802
3QQK,EXTRACTED_FROM_CODE:LIB/DatasetRunner.cpp@ed17390bc802
3QTI,EXTRACTED_FROM_CODE:LIB/DatasetRunner.cpp@ed17390bc802
3R88,EXTRACTED_FROM_CODE:LIB/DatasetRunner.cpp@ed17390bc802
3RLQ,EXTRACTED_FROM_CODE:LIB/DatasetRunner.cpp@ed17390bc802
3RT4,EXTRACTED_FROM_CODE:LIB/DatasetRunner.cpp@ed17390bc802
3RUX,EXTRACTED_FROM_CODE:LIB/DatasetRunner.cpp@ed17390bc802
3RYJ,EXTRACTED_FROM_CODE:LIB/DatasetRunner.cpp@ed17390bc802
3S8O,EXTRACTED_FROM_CODE:LIB/DatasetRunner.cpp@ed17390bc802
3SXR,EXTRACTED_FROM_CODE:LIB/DatasetRunner.cpp@ed17390bc802
3SYR,EXTRACTED_FROM_CODE:LIB/DatasetRunner.cpp@ed17390bc802
3U5J,EXTRACTED_FROM_CODE:LIB/DatasetRunner.cpp@ed17390bc802
3U5L,EXTRACTED_FROM_CODE:LIB/DatasetRunner.cpp@ed17390bc802
3UAH,EXTRACTED_FROM_CODE:LIB/DatasetRunner.cpp@ed17390bc802
3UAJ,EXTRACTED_FROM_CODE:LIB/DatasetRunner.cpp@ed17390bc802
3UIB,EXTRACTED_FROM_CODE:LIB/DatasetRunner.cpp@ed17390bc802
3UP2,EXTRACTED_FROM_CODE:LIB/DatasetRunner.cpp@ed17390bc802
3UPV,EXTRACTED_FROM_CODE:LIB/DatasetRunner.cpp@ed17390bc802
3UTU,EXTRACTED_FROM_CODE:LIB/DatasetRunner.cpp@ed17390bc802
3UWK,EXTRACTED_FROM_CODE:LIB/DatasetRunner.cpp@ed17390bc802
3VD4,EXTRACTED_FROM_CODE:LIB/DatasetRunner.cpp@ed17390bc802
3VF5,EXTRACTED_FROM_CODE:LIB/DatasetRunner.cpp@ed17390bc802
3VHE,EXTRACTED_FROM_CODE:LIB/DatasetRunner.cpp@ed17390bc802
3VRI,EXTRACTED_FROM_CODE:LIB/DatasetRunner.cpp@ed17390bc802
3WMC,EXTRACTED_FROM_CODE:LIB/DatasetRunner.cpp@ed17390bc802
3ZSO,EXTRACTED_FROM_CODE:LIB/DatasetRunner.cpp@ed17390bc802
3ZYX,EXTRACTED_FROM_CODE:LIB/DatasetRunner.cpp@ed17390bc802
4AGM,EXTRACTED_FROM_CODE:LIB/DatasetRunner.cpp@ed17390bc802
4AGN,EXTRACTED_FROM_CODE:LIB/DatasetRunner.cpp@ed17390bc802
4AGQ,EXTRACTED_FROM_CODE:LIB/DatasetRunner.cpp@ed17390bc802
4BKT,EXTRACTED_FROM_CODE:LIB/DatasetRunner.cpp@ed17390bc802
4CIG,EXTRACTED_FROM_CODE:LIB/DatasetRunner.cpp@ed17390bc802
4CRA,EXTRACTED_FROM_CODE:LIB/DatasetRunner.cpp@ed17390bc802
4CRC,EXTRACTED_FROM_CODE:LIB/DatasetRunner.cpp@ed17390bc802
4DE1,EXTRACTED_FROM_CODE:LIB/DatasetRunner.cpp@ed17390bc802
4DE2,EXTRACTED_FROM_CODE:LIB/DatasetRunner.cpp@ed17390bc802
4DJP,EXTRACTED_FROM_CODE:LIB/DatasetRunner.cpp@ed17390bc802
4DLI,EXTRACTED_FROM_CODE:LIB/DatasetRunner.cpp@ed17390bc802
4E5W,EXTRACTED_FROM_CODE:LIB/DatasetRunner.cpp@ed17390bc802
4EA2,EXTRACTED_FROM_CODE:LIB/DatasetRunner.cpp@ed17390bc802
4EOR,EXTRACTED_FROM_CODE:LIB/DatasetRunner.cpp@ed17390bc802
4F09,EXTRACTED_FROM_CODE:LIB/DatasetRunner.cpp@ed17390bc802
4F2W,EXTRACTED_FROM_CODE:LIB/DatasetRunner.cpp@ed17390bc802
4F3C,EXTRACTED_FROM_CODE:LIB/DatasetRunner.cpp@ed17390bc802
4GAM,EXTRACTED_FROM_CODE:LIB/DatasetRunner.cpp@ed17390bc802
4GFM,EXTRACTED_FROM_CODE:LIB/DatasetRunner.cpp@ed17390bc802
4GID,EXTRACTED_FROM_CODE:LIB/DatasetRunner.cpp@ed17390bc802
4GIH,EXTRACTED_FROM_CODE:LIB/DatasetRunner.cpp@ed17390bc802
4GKM,EXTRACTED_FROM_CODE:LIB/DatasetRunner.cpp@ed17390bc802
4GR0,EXTRACTED_FROM_CODE:LIB/DatasetRunner.cpp@ed17390bc802
4HGE,EXTRACTED_FROM_CODE:LIB/DatasetRunner.cpp@ed17390bc802
4IQJ,EXTRACTED_FROM_CODE:LIB/DatasetRunner.cpp@ed17390bc802
4IVB,EXTRACTED_FROM_CODE:LIB/DatasetRunner.cpp@ed17390bc802
4IVC,EXTRACTED_FROM_CODE:LIB/DatasetRunner.cpp@ed17390bc802
4IVD,EXTRACTED_FROM_CODE:LIB/DatasetRunner.cpp@ed17390bc802
4J21,EXTRACTED_FROM_CODE:LIB/DatasetRunner.cpp@ed17390bc802
4J28,EXTRACTED_FROM_CODE:LIB/DatasetRunner.cpp@ed17390bc802
4JFS,EXTRACTED_FROM_CODE:LIB/DatasetRunner.cpp@ed17390bc802
4JIA,EXTRACTED_FROM_CODE:LIB/DatasetRunner.cpp@ed17390bc802
4JSZ,EXTRACTED_FROM_CODE:LIB/DatasetRunner.cpp@ed17390bc802
4JXS,EXTRACTED_FROM_CODE:LIB/DatasetRunner.cpp@ed17390bc802
4K18,EXTRACTED_FROM_CODE:LIB/DatasetRunner.cpp@ed17390bc802
4K77,EXTRACTED_FROM_CODE:LIB/DatasetRunner.cpp@ed17390bc802
4KAW,EXTRACTED_FROM_CODE:LIB/DatasetRunner.cpp@ed17390bc802
4KEL,EXTRACTED_FROM_CODE:LIB/DatasetRunner.cpp@ed17390bc802
4KNE,EXTRACTED_FROM_CODE:LIB/DatasetRunner.cpp@ed17390bc802
4KZ6,EXTRACTED_FROM_CODE:LIB/DatasetRunner.cpp@ed17390bc802
4KZQ,EXTRACTED_FROM_CODE:LIB/DatasetRunner.cpp@ed17390bc802
