target_pdb,ligand_pdb,ligand_id,ligand_id_basis,ligand_formula,uniprot_accession,native_site_chain,receptor_chain,max_site_displacement_A,site_rmsd_A,matched_site_atoms,site_atoms_primary_chain,matched_fraction,global_ca_rmsd_A,seq_identity_pct,receptor_state,receptor_hets,receptor_cognate_hets,receptor_resolution_A,receptor_release_date,receptor_title,pair_status,pair_provenance
1hdb,1g9v,RQ3,SOLE_NON_ADDITIVE_CANDIDATE,C20H23NO4,P68871;P69905,C,,,,,43,,,,non-apo,SO4;HEM,HEM,2.2,1996-04-03,ANALYSIS OF THE CRYSTAL STRUCTURE; MOLECULAR MODELING AND INFRARED SPECTROSCOPY OF THE DISTAL BETA-HEME POCKET,REJECTED_NO_MATCHING_CHAIN,RCSB:1hdb@1996-04-03|UNP:P68871;P69905|LIG:1g9v:RQ3|RULE:10.1021/acs.jcim.5b00078-pK|BUILD:2026-09-11
1xye,1g9v,RQ3,SOLE_NON_ADDITIVE_CANDIDATE,C20H23NO4,P68871;P69905,C,,,,,43,,,,non-apo,HEM,HEM,2.13,2004-11-30,T-to-THigh Transitions in Human Hemoglobin: alpha Y42A deoxy low salt,REJECTED_NO_MATCHING_CHAIN,RCSB:1xye@2004-11-30|UNP:P68871;P69905|LIG:1g9v:RQ3|RULE:10.1021/acs.jcim.5b00078-pK|BUILD:2026-09-11
1xz2,1g9v,RQ3,SOLE_NON_ADDITIVE_CANDIDATE,C20H23NO4,P68871;P69905,C,,,,,43,,,,non-apo,HEM,HEM,1.9,2004-11-30,wild-type hemoglobin deoxy no-salt,REJECTED_NO_MATCHING_CHAIN,RCSB:1xz2@2004-11-30|UNP:P68871;P69905|LIG:1g9v:RQ3|RULE:10.1021/acs.jcim.5b00078-pK|BUILD:2026-09-11
1xz4,1g9v,RQ3,SOLE_NON_ADDITIVE_CANDIDATE,C20H23NO4,P68871;P69905,C,,,,,43,,,,non-apo,HEM,HEM,2.0,2004-11-30,Intersubunit Interactions Associated with Tyr42alpha Stabilize the Quaternary-T Tetramer but are not Major Qua,REJECTED_NO_MATCHING_CHAIN,RCSB:1xz4@2004-11-30|UNP:P68871;P69905|LIG:1g9v:RQ3|RULE:10.1021/acs.jcim.5b00078-pK|BUILD:2026-09-11
2hhb,1g9v,RQ3,SOLE_NON_ADDITIVE_CANDIDATE,C20H23NO4,P68871;P69905,C,,,,,43,,,,non-apo,HEM;PO4,HEM,1.74,1984-07-18,THE CRYSTAL STRUCTURE OF HUMAN DEOXYHAEMOGLOBIN AT 1.74 ANGSTROMS RESOLUTION,REJECTED_NO_MATCHING_CHAIN,RCSB:2hhb@1984-07-18|UNP:P68871;P69905|LIG:1g9v:RQ3|RULE:10.1021/acs.jcim.5b00078-pK|BUILD:2026-09-11
2hhd,1g9v,RQ3,SOLE_NON_ADDITIVE_CANDIDATE,C20H23NO4,P68871;P69905,C,,,,,43,,,,non-apo,HEM;SO4,HEM,2.2,1995-01-26,OXYGEN AFFINITY MODULATION BY THE N-TERMINI OF THE BETA-CHAINS IN HUMAN AND BOVINE HEMOGLOBIN,REJECTED_NO_MATCHING_CHAIN,RCSB:2hhd@1995-01-26|UNP:P68871;P69905|LIG:1g9v:RQ3|RULE:10.1021/acs.jcim.5b00078-pK|BUILD:2026-09-11
3hhb,1g9v,RQ3,SOLE_NON_ADDITIVE_CANDIDATE,C20H23NO4,P68871;P69905,C,,,,,43,,,,non-apo,PO4;HEM,HEM,1.74,1984-07-18,THE CRYSTAL STRUCTURE OF HUMAN DEOXYHAEMOGLOBIN AT 1.74 ANGSTROMS RESOLUTION,REJECTED_NO_MATCHING_CHAIN,RCSB:3hhb@1984-07-18|UNP:P68871;P69905|LIG:1g9v:RQ3|RULE:10.1021/acs.jcim.5b00078-pK|BUILD:2026-09-11
1itv,1gkc,NFH,SOLE_NON_ADDITIVE_CANDIDATE,C15H29N3O4,P14780,B,A,22.157,16.936,38,107,0.355,18.319,26.38,apo,SO4,-,1.95,2002-09-04,Dimeric form of the haemopexin domain of MMP9,REJECTED_FOLD_MISMATCH_CA_RMSD_GT_3A,RCSB:1itv@2002-09-04|UNP:P14780|LIG:1gkc:NFH|RULE:10.1021/acs.jcim.5b00078-pK|BUILD:2026-09-11
1eqm,1hq2,PH2,SOLE_NON_ADDITIVE_CANDIDATE,C7H9N5O2,P26281,A,A,26.339,8.288,98,98,1.0,4.041,99.37,non-apo,ADP;PO4;MG,ADP,1.5,2001-04-05,CRYSTAL STRUCTURE OF BINARY COMPLEX OF 6-HYDROXYMETHYL-7;8-DIHYDROPTERIN PYROPHOSPHOKINASE WITH ADENOSINE-5'-D,REJECTED_FOLD_MISMATCH_CA_RMSD_GT_3A,RCSB:1eqm@2001-04-05|UNP:P26281|LIG:1hq2:PH2|RULE:10.1021/acs.jcim.5b00078-pK|BUILD:2026-09-11
1rao,1hq2,PH2,SOLE_NON_ADDITIVE_CANDIDATE,C7H9N5O2,P26281,A,A,26.29,8.132,98,98,1.0,3.923,99.37,non-apo,HH2;AMP,HH2;AMP,1.56,2004-11-09,CRYSTAL STRUCTURE OF A TERNARY COMPLEX OF E. COLI HPPK WITH AMP AND 6-HYDROXYMETHYLPTERIN-DIPHOSPHATE AT 1.56 ,REJECTED_FOLD_MISMATCH_CA_RMSD_GT_3A,RCSB:1rao@2004-11-09|UNP:P26281|LIG:1hq2:PH2|RULE:10.1021/acs.jcim.5b00078-pK|BUILD:2026-09-11
1ru1,1hq2,PH2,SOLE_NON_ADDITIVE_CANDIDATE,C7H9N5O2,P26281,A,A,12.201,2.474,70,98,0.714,0.894,99.34,non-apo,MG;CL;APC;PH2,APC;PH2,1.4,2004-02-24,CRYSTAL STRUCTURE OF A TERNARY COMPLEX OF E. COLI HPPK(V83G/DEL84-89) WITH MGAMPCPP AND 6-HYDROXYMETHYL-7;8-DI,REJECTED_SITE_NOT_PRESENT_LT_80PCT_MATCHED,RCSB:1ru1@2004-02-24|UNP:P26281|LIG:1hq2:PH2|RULE:10.1021/acs.jcim.5b00078-pK|BUILD:2026-09-11
1ru2,1hq2,PH2,SOLE_NON_ADDITIVE_CANDIDATE,C7H9N5O2,P26281,A,A,12.557,2.588,72,98,0.735,2.164,99.34,non-apo,MG;CL;APC;HHR,APC;HHR,1.48,2004-02-24,CRYSTAL STRUCTURE OF A TERNARY COMPLEX OF E.COLI HPPK(V83G/DEL84-89) WITH MGAMPCPP AND 6-HYDROXYMETHYLPTERIN A,REJECTED_SITE_NOT_PRESENT_LT_80PCT_MATCHED,RCSB:1ru2@2004-02-24|UNP:P26281|LIG:1hq2:PH2|RULE:10.1021/acs.jcim.5b00078-pK|BUILD:2026-09-11
1hw3,1hvy,D16,NAME_MATCH_PAPER,C21H22N4O6S,P04818,B,A,20.855,3.348,84,124,0.677,2.306,100.0,apo,SO4;EDO,-,2.0,2001-01-24,STRUCTURE OF HUMAN THYMIDYLATE SYNTHASE SUGGESTS ADVANTAGES OF CHEMOTHERAPY WITH NONCOMPETITIVE INHIBITORS,REJECTED_SITE_NOT_PRESENT_LT_80PCT_MATCHED,RCSB:1hw3@2001-01-24|UNP:P04818|LIG:1hvy:D16|RULE:10.1021/acs.jcim.5b00078-pK|BUILD:2026-09-11
1hw4,1hvy,D16,NAME_MATCH_PAPER,C21H22N4O6S,P04818,B,A,21.507,3.369,84,124,0.677,2.347,100.0,apo,SO4;EDO,-,2.06,2001-01-24,STRUCTURE OF THYMIDYLATE SYNTHASE SUGGESTS ADVANTAGES OF CHEMOTHERAPY WITH NONCOMPETITIVE INHIBITORS,REJECTED_SITE_NOT_PRESENT_LT_80PCT_MATCHED,RCSB:1hw4@2001-01-24|UNP:P04818|LIG:1hvy:D16|RULE:10.1021/acs.jcim.5b00078-pK|BUILD:2026-09-11
1i00,1hvy,D16,NAME_MATCH_PAPER,C21H22N4O6S,P04818,B,A,6.961,1.38,98,124,0.79,0.763,99.31,non-apo,UMP;D16,UMP;D16,2.5,2001-05-09,CRYSTAL STRUCTURE OF HUMAN THYMIDYLATE SYNTHASE; TERNARY COMPLEX WITH DUMP AND TOMUDEX,REJECTED_SITE_NOT_PRESENT_LT_80PCT_MATCHED,RCSB:1i00@2001-05-09|UNP:P04818|LIG:1hvy:D16|RULE:10.1021/acs.jcim.5b00078-pK|BUILD:2026-09-11
1ypv,1hvy,D16,NAME_MATCH_PAPER,C21H22N4O6S,P04818,B,A,20.866,3.376,86,124,0.694,2.288,100.0,apo,PO4,-,1.8,2005-04-26,Structure of human thymidylate synthase at low salt conditions,REJECTED_SITE_NOT_PRESENT_LT_80PCT_MATCHED,RCSB:1ypv@2005-04-26|UNP:P04818|LIG:1hvy:D16|RULE:10.1021/acs.jcim.5b00078-pK|BUILD:2026-09-11
2onb,1hvy,D16,NAME_MATCH_PAPER,C21H22N4O6S,P04818,B,,,,,124,,,,non-apo,7PA;EDO;SO4,7PA,2.7,2007-04-10,Human Thymidylate Synthase at low salt conditions with PDPA bound,REJECTED_NO_MATCHING_CHAIN,RCSB:2onb@2007-04-10|UNP:P04818|LIG:1hvy:D16|RULE:10.1021/acs.jcim.5b00078-pK|BUILD:2026-09-11
2f18,1hww,SWA,NAME_MATCH_PAPER,C8H15NO3,Q24451,A,,,,,91,,,,non-apo,MPD;GB1;ZN;PO4;NAG,GB1;NAG,1.3,2006-12-05,GOLGI ALPHA-MANNOSIDASE II complex with (2R;3R;4S)-2-({[(1R)-2-hydroxy-1-phenylethyl]amino}methyl)pyrrolidine-,REJECTED_NO_MATCHING_CHAIN,RCSB:2f18@2006-12-05|UNP:Q24451|LIG:1hww:SWA|RULE:10.1021/acs.jcim.5b00078-pK|BUILD:2026-09-11
2f1a,1hww,SWA,NAME_MATCH_PAPER,C8H15NO3,Q24451,A,,,,,91,,,,non-apo,NAG;PO4;ZN;GB2;MPD,NAG;GB2,1.45,2006-12-05,GOLGI ALPHA-MANNOSIDASE II COMPLEX WITH (2R;3R;4S)-2-({[(1S)-2-hydroxy-1-phenylethyl]amino}methyl)pyrrolidine-,REJECTED_NO_MATCHING_CHAIN,RCSB:2f1a@2006-12-05|UNP:Q24451|LIG:1hww:SWA|RULE:10.1021/acs.jcim.5b00078-pK|BUILD:2026-09-11
2f1b,1hww,SWA,NAME_MATCH_PAPER,C8H15NO3,Q24451,A,,,,,91,,,,non-apo,NAG;ZN;GB3;MPD,NAG;GB3,1.45,2006-12-05,GOLGI ALPHA-MANNOSIDASE II COMPLEX WITH (2R;3R;4S;5R)-2-({[(1R)-2-hydroxy-1-phenylethyl]amino}methyl)-5-methyl,REJECTED_NO_MATCHING_CHAIN,RCSB:2f1b@2006-12-05|UNP:Q24451|LIG:1hww:SWA|RULE:10.1021/acs.jcim.5b00078-pK|BUILD:2026-09-11
2f7q,1hww,SWA,NAME_MATCH_PAPER,C8H15NO3,Q24451,A,,,,,91,,,,non-apo,NAG;ZN;AOL;MPD,NAG,1.85,2006-12-12,Golgi alpha-mannosidase II complex with aminocyclopentitetrol,REJECTED_NO_MATCHING_CHAIN,RCSB:2f7q@2006-12-12|UNP:Q24451|LIG:1hww:SWA|RULE:10.1021/acs.jcim.5b00078-pK|BUILD:2026-09-11
2f7r,1hww,SWA,NAME_MATCH_PAPER,C8H15NO3,Q24451,A,,,,,91,,,,non-apo,NAG;MPD;SK3;ZN,NAG;SK3,1.35,2006-12-12,Golgi alpha-mannosidase II complex with benzyl-aminocyclopentitetrol,REJECTED_NO_MATCHING_CHAIN,RCSB:2f7r@2006-12-12|UNP:Q24451|LIG:1hww:SWA|RULE:10.1021/acs.jcim.5b00078-pK|BUILD:2026-09-11
2fyv,1hww,SWA,NAME_MATCH_PAPER,C8H15NO3,Q24451,A,,,,,91,,,,non-apo,NAG;PO4;ZN;W72;MPD,NAG;W72,1.9,2006-12-26,Golgi alpha-mannosidase II complex with an amino-salacinol carboxylate analog,REJECTED_NO_MATCHING_CHAIN,RCSB:2fyv@2006-12-26|UNP:Q24451|LIG:1hww:SWA|RULE:10.1021/acs.jcim.5b00078-pK|BUILD:2026-09-11
1a30,1jla,TNK,SOLE_NON_ADDITIVE_CANDIDATE,C22H24N2O3,P04585,A,,,,7,142,,,72.73,apo,-,-,2.0,1998-04-29,HIV-1 PROTEASE COMPLEXED WITH A TRIPEPTIDE INHIBITOR,REJECTED_TOO_FEW_MATCHED,RCSB:1a30@1998-04-29|UNP:P04585|LIG:1jla:TNK|RULE:10.1021/acs.jcim.5b00078-pK|BUILD:2026-09-11
1bv7,1jla,TNK,SOLE_NON_ADDITIVE_CANDIDATE,C22H24N2O3,P04585,A,,,,7,142,,,72.73,non-apo,XV6,XV6,2.0,1998-09-30,COUNTERACTING HIV-1 PROTEASE DRUG RESISTANCE: STRUCTURAL ANALYSIS OF MUTANT PROTEASES COMPLEXED WITH XV638 AND,REJECTED_TOO_FEW_MATCHED,RCSB:1bv7@1998-09-30|UNP:P04585|LIG:1jla:TNK|RULE:10.1021/acs.jcim.5b00078-pK|BUILD:2026-09-11
1bv9,1jla,TNK,SOLE_NON_ADDITIVE_CANDIDATE,C22H24N2O3,P04585,A,,,,7,142,,,72.73,non-apo,XV6,XV6,2.0,1998-09-30,HIV-1 PROTEASE (I84V) COMPLEXED WITH XV638 OF DUPONT PHARMACEUTICALS,REJECTED_TOO_FEW_MATCHED,RCSB:1bv9@1998-09-30|UNP:P04585|LIG:1jla:TNK|RULE:10.1021/acs.jcim.5b00078-pK|BUILD:2026-09-11
1bwa,1jla,TNK,SOLE_NON_ADDITIVE_CANDIDATE,C22H24N2O3,P04585,A,,,,7,142,,,72.73,non-apo,XV6,XV6,1.9,1998-10-30,HIV-1 PROTEASE (V82F/I84V) DOUBLE MUTANT COMPLEXED WITH XV638 OF DUPONT PHARMACEUTICALS,REJECTED_TOO_FEW_MATCHED,RCSB:1bwa@1998-10-30|UNP:P04585|LIG:1jla:TNK|RULE:10.1021/acs.jcim.5b00078-pK|BUILD:2026-09-11
1bwb,1jla,TNK,SOLE_NON_ADDITIVE_CANDIDATE,C22H24N2O3,P04585,A,,,,7,142,,,72.73,non-apo,146,146,1.8,1998-09-30,HIV-1 PROTEASE (V82F/I84V) DOUBLE MUTANT COMPLEXED WITH SD146 OF DUPONT PHARMACEUTICALS,REJECTED_TOO_FEW_MATCHED,RCSB:1bwb@1998-09-30|UNP:P04585|LIG:1jla:TNK|RULE:10.1021/acs.jcim.5b00078-pK|BUILD:2026-09-11
1dmp,1jla,TNK,SOLE_NON_ADDITIVE_CANDIDATE,C22H24N2O3,P04585,A,,,,7,142,,,72.73,non-apo,DMQ,DMQ,2.0,1997-11-12,STRUCTURE OF HIV-1 PROTEASE COMPLEX,REJECTED_TOO_FEW_MATCHED,RCSB:1dmp@1997-11-12|UNP:P04585|LIG:1jla:TNK|RULE:10.1021/acs.jcim.5b00078-pK|BUILD:2026-09-11
1e6j,1jla,TNK,SOLE_NON_ADDITIVE_CANDIDATE,C22H24N2O3,P04585,A,,,,,142,,,,apo,-,-,3.0,2000-11-27,Crystal structure of HIV-1 capsid protein (p24) in complex with Fab13B5,REJECTED_NO_MATCHING_CHAIN,RCSB:1e6j@2000-11-27|UNP:P04585|LIG:1jla:TNK|RULE:10.1021/acs.jcim.5b00078-pK|BUILD:2026-09-11
1ex4,1jla,TNK,SOLE_NON_ADDITIVE_CANDIDATE,C22H24N2O3,P04585,A,B,39.959,28.889,12,142,0.085,29.021,46.86,non-apo,CPS,CPS,2.8,2000-06-07,HIV-1 INTEGRASE CATALYTIC CORE AND C-TERMINAL DOMAIN,REJECTED_FOLD_MISMATCH_CA_RMSD_GT_3A,RCSB:1ex4@2000-06-07|UNP:P04585|LIG:1jla:TNK|RULE:10.1021/acs.jcim.5b00078-pK|BUILD:2026-09-11
1exq,1jla,TNK,SOLE_NON_ADDITIVE_CANDIDATE,C22H24N2O3,P04585,A,A,41.974,29.588,26,142,0.183,29.161,61.69,apo,SO4;CL;CD,-,1.6,2000-11-03,CRYSTAL STRUCTURE OF THE HIV-1 INTEGRASE CATALYTIC CORE DOMAIN,REJECTED_FOLD_MISMATCH_CA_RMSD_GT_3A,RCSB:1exq@2000-11-03|UNP:P04585|LIG:1jla:TNK|RULE:10.1021/acs.jcim.5b00078-pK|BUILD:2026-09-11
1fb7,1jla,TNK,SOLE_NON_ADDITIVE_CANDIDATE,C22H24N2O3,P04585,A,,,,,142,,,,non-apo,ROC,ROC,2.6,2000-12-13,CRYSTAL STRUCTURE OF AN IN VIVO HIV-1 PROTEASE MUTANT IN COMPLEX WITH SAQUINAVIR: INSIGHTS INTO THE MECHANISMS,REJECTED_NO_MATCHING_CHAIN,RCSB:1fb7@2000-12-13|UNP:P04585|LIG:1jla:TNK|RULE:10.1021/acs.jcim.5b00078-pK|BUILD:2026-09-11
1g6l,1jla,TNK,SOLE_NON_ADDITIVE_CANDIDATE,C22H24N2O3,P04585,A,A,24.481,20.807,14,142,0.099,27.117,53.2,apo,-,-,1.9,2000-11-15,1.9A CRYSTAL STRUCTURE OF TETHERED HIV-1 PROTEASE,REJECTED_FOLD_MISMATCH_CA_RMSD_GT_3A,RCSB:1g6l@2000-11-15|UNP:P04585|LIG:1jla:TNK|RULE:10.1021/acs.jcim.5b00078-pK|BUILD:2026-09-11
1hiv,1jla,TNK,SOLE_NON_ADDITIVE_CANDIDATE,C22H24N2O3,P04585,A,,,,7,142,,,72.73,non-apo,1ZK,1ZK,2.0,1993-10-31,CRYSTAL STRUCTURE OF A COMPLEX OF HIV-1 PROTEASE WITH A DIHYDROETHYLENE-CONTAINING INHIBITOR: COMPARISONS WITH,REJECTED_TOO_FEW_MATCHED,RCSB:1hiv@1993-10-31|UNP:P04585|LIG:1jla:TNK|RULE:10.1021/acs.jcim.5b00078-pK|BUILD:2026-09-11
1hvh,1jla,TNK,SOLE_NON_ADDITIVE_CANDIDATE,C22H24N2O3,P04585,A,,,,7,142,,,72.73,non-apo,Q82,Q82,1.8,1998-12-30,NONPEPTIDE CYCLIC CYANOGUANIDINES AS HIV PROTEASE INHIBITORS,REJECTED_TOO_FEW_MATCHED,RCSB:1hvh@1998-12-30|UNP:P04585|LIG:1jla:TNK|RULE:10.1021/acs.jcim.5b00078-pK|BUILD:2026-09-11
1hvr,1jla,TNK,SOLE_NON_ADDITIVE_CANDIDATE,C22H24N2O3,P04585,A,,,,7,142,,,72.73,non-apo,XK2,XK2,1.8,1995-01-26,RATIONAL DESIGN OF POTENT; BIOAVAILABLE; NONPEPTIDE CYCLIC UREAS AS HIV PROTEASE INHIBITORS,REJECTED_TOO_FEW_MATCHED,RCSB:1hvr@1995-01-26|UNP:P04585|LIG:1jla:TNK|RULE:10.1021/acs.jcim.5b00078-pK|BUILD:2026-09-11
1hwr,1jla,TNK,SOLE_NON_ADDITIVE_CANDIDATE,C22H24N2O3,P04585,A,,,,7,142,,,72.73,non-apo,216,216,1.8,1999-03-23,MOLECULAR RECOGNITION OF CYCLIC UREA HIV PROTEASE INHIBITORS,REJECTED_TOO_FEW_MATCHED,RCSB:1hwr@1999-03-23|UNP:P04585|LIG:1jla:TNK|RULE:10.1021/acs.jcim.5b00078-pK|BUILD:2026-09-11
1hxb,1jla,TNK,SOLE_NON_ADDITIVE_CANDIDATE,C22H24N2O3,P04585,A,,,,7,142,,,72.73,non-apo,ROC,ROC,2.3,1997-03-12,HIV-1 proteinase complexed with RO 31-8959,REJECTED_TOO_FEW_MATCHED,RCSB:1hxb@1997-03-12|UNP:P04585|LIG:1jla:TNK|RULE:10.1021/acs.jcim.5b00078-pK|BUILD:2026-09-11
1lv1,1jla,TNK,SOLE_NON_ADDITIVE_CANDIDATE,C22H24N2O3,P04585,A,A,24.282,20.702,14,142,0.099,27.102,53.2,apo,-,-,2.1,2002-06-19,Crystal Structure Analysis of the non-active site mutant of tethered HIV-1 protease to 2.1A resolution,REJECTED_FOLD_MISMATCH_CA_RMSD_GT_3A,RCSB:1lv1@2002-06-19|UNP:P04585|LIG:1jla:TNK|RULE:10.1021/acs.jcim.5b00078-pK|BUILD:2026-09-11
1odw,1jla,TNK,SOLE_NON_ADDITIVE_CANDIDATE,C22H24N2O3,P04585,A,,,,7,142,,,72.73,non-apo,0E8,0E8,2.1,1997-04-01,Native HIV-1 Proteinase,REJECTED_TOO_FEW_MATCHED,RCSB:1odw@1997-04-01|UNP:P04585|LIG:1jla:TNK|RULE:10.1021/acs.jcim.5b00078-pK|BUILD:2026-09-11
1odx,1jla,TNK,SOLE_NON_ADDITIVE_CANDIDATE,C22H24N2O3,P04585,A,,,,7,142,,,74.75,non-apo,0E8,0E8,2.0,1997-04-01,HIV-1 Proteinase mutant A71T; V82A,REJECTED_TOO_FEW_MATCHED,RCSB:1odx@1997-04-01|UNP:P04585|LIG:1jla:TNK|RULE:10.1021/acs.jcim.5b00078-pK|BUILD:2026-09-11
1ody,1jla,TNK,SOLE_NON_ADDITIVE_CANDIDATE,C22H24N2O3,P04585,A,,,,,142,,,,non-apo,LP1,LP1,2.0,1999-02-16,HIV-1 PROTEASE COMPLEXED WITH AN INHIBITOR LP-130,REJECTED_NO_MATCHING_CHAIN,RCSB:1ody@1999-02-16|UNP:P04585|LIG:1jla:TNK|RULE:10.1021/acs.jcim.5b00078-pK|BUILD:2026-09-11
1qbr,1jla,TNK,SOLE_NON_ADDITIVE_CANDIDATE,C22H24N2O3,P04585,A,,,,7,142,,,72.73,non-apo,XV6,XV6,1.8,1997-10-15,HIV-1 PROTEASE INHIBITORS WIIH LOW NANOMOLAR POTENCY,REJECTED_TOO_FEW_MATCHED,RCSB:1qbr@1997-10-15|UNP:P04585|LIG:1jla:TNK|RULE:10.1021/acs.jcim.5b00078-pK|BUILD:2026-09-11
1qbs,1jla,TNK,SOLE_NON_ADDITIVE_CANDIDATE,C22H24N2O3,P04585,A,,,,7,142,,,72.73,non-apo,DMP,DMP,1.8,1997-10-15,HIV-1 PROTEASE INHIBITORS WIIH LOW NANOMOLAR POTENCY,REJECTED_TOO_FEW_MATCHED,RCSB:1qbs@1997-10-15|UNP:P04585|LIG:1jla:TNK|RULE:10.1021/acs.jcim.5b00078-pK|BUILD:2026-09-11
1qbt,1jla,TNK,SOLE_NON_ADDITIVE_CANDIDATE,C22H24N2O3,P04585,A,,,,7,142,,,72.73,non-apo,146,146,2.1,1997-10-15,HIV-1 PROTEASE INHIBITORS WIIH LOW NANOMOLAR POTENCY,REJECTED_TOO_FEW_MATCHED,RCSB:1qbt@1997-10-15|UNP:P04585|LIG:1jla:TNK|RULE:10.1021/acs.jcim.5b00078-pK|BUILD:2026-09-11
1qbu,1jla,TNK,SOLE_NON_ADDITIVE_CANDIDATE,C22H24N2O3,P04585,A,,,,7,142,,,72.73,non-apo,846,846,1.8,1997-10-15,HIV-1 PROTEASE INHIBITORS WIIH LOW NANOMOLAR POTENCY,REJECTED_TOO_FEW_MATCHED,RCSB:1qbu@1997-10-15|UNP:P04585|LIG:1jla:TNK|RULE:10.1021/acs.jcim.5b00078-pK|BUILD:2026-09-11
1rtd,1jla,TNK,SOLE_NON_ADDITIVE_CANDIDATE,C22H24N2O3,P04585,A,B,26.657,7.427,107,142,0.754,20.299,99.77,non-apo,MG;TTP,TTP,3.2,1998-12-09,STRUCTURE OF A CATALYTIC COMPLEX OF HIV-1 REVERSE TRANSCRIPTASE: IMPLICATIONS FOR NUCLEOSIDE ANALOG DRUG RESIS,REJECTED_FOLD_MISMATCH_CA_RMSD_GT_3A,RCSB:1rtd@1998-12-09|UNP:P04585|LIG:1jla:TNK|RULE:10.1021/acs.jcim.5b00078-pK|BUILD:2026-09-11
1t05,1jla,TNK,SOLE_NON_ADDITIVE_CANDIDATE,C22H24N2O3,P04585,A,B,23.67,7.379,107,142,0.754,20.188,98.17,non-apo,MG;TNV;GOL,TNV,3.0,2004-05-11,HIV-1 reverse transcriptase crosslinked to template-primer with tenofovir-diphosphate bound as the incoming nu,REJECTED_FOLD_MISMATCH_CA_RMSD_GT_3A,RCSB:1t05@2004-05-11|UNP:P04585|LIG:1jla:TNK|RULE:10.1021/acs.jcim.5b00078-pK|BUILD:2026-09-11
2fde,1jla,TNK,SOLE_NON_ADDITIVE_CANDIDATE,C22H24N2O3,P04585,A,,,,7,142,,,72.0,non-apo,K;385,385,2.7,2006-02-21,Wild type HIV protease bound with GW0385,REJECTED_TOO_FEW_MATCHED,RCSB:2fde@2006-02-21|UNP:P04585|LIG:1jla:TNK|RULE:10.1021/acs.jcim.5b00078-pK|BUILD:2026-09-11
2nph,1jla,TNK,SOLE_NON_ADDITIVE_CANDIDATE,C22H24N2O3,P04585,A,,,,,142,,,,apo,-,-,1.65,2006-12-19,Crystal structure of HIV1 protease in situ product complex,REJECTED_NO_MATCHING_CHAIN,RCSB:2nph@2006-12-19|UNP:P04585|LIG:1jla:TNK|RULE:10.1021/acs.jcim.5b00078-pK|BUILD:2026-09-11
3phv,1jla,TNK,SOLE_NON_ADDITIVE_CANDIDATE,C22H24N2O3,P04585,A,,,,7,142,,,73.74,apo,-,-,2.7,1992-01-15,X-RAY ANALYSIS OF HIV-1 PROTEINASE AT 2.7 ANGSTROMS RESOLUTION CONFIRMS STRUCTURAL HOMOLOGY AMONG RETROVIRAL E,REJECTED_TOO_FEW_MATCHED,RCSB:3phv@1992-01-15|UNP:P04585|LIG:1jla:TNK|RULE:10.1021/acs.jcim.5b00078-pK|BUILD:2026-09-11
2wsy,1k3u,IAD,NAME_MATCH_PAPER,C14H14N2O5,P00929,A,A,2.759,1.097,88,130,0.677,0.655,100.0,non-apo,PLP;NA,PLP,3.05,1999-03-30,CRYSTAL STRUCTURE OF WILD-TYPE TRYPTOPHAN SYNTHASE,REJECTED_SITE_NOT_PRESENT_LT_80PCT_MATCHED,RCSB:2wsy@1999-03-30|UNP:P00929|LIG:1k3u:IAD|RULE:10.1021/acs.jcim.5b00078-pK|BUILD:2026-09-11
1gii,1ke5,LS1,SOLE_NON_ADDITIVE_CANDIDATE,C16H15N3O3S,P24941,A,A,3.589,0.971,79,105,0.752,0.281,98.99,non-apo,1PU,1PU,2.0,2002-02-06,HUMAN CYCLIN DEPENDENT KINASE 2 COMPLEXED WITH THE CDK4 INHIBITOR,REJECTED_SITE_NOT_PRESENT_LT_80PCT_MATCHED,RCSB:1gii@2002-02-06|UNP:P24941|LIG:1ke5:LS1|RULE:10.1021/acs.jcim.5b00078-pK|BUILD:2026-09-11
1gij,1ke5,LS1,SOLE_NON_ADDITIVE_CANDIDATE,C16H15N3O3S,P24941,A,A,3.076,1.118,79,105,0.752,0.377,98.99,non-apo,2PU,2PU,2.2,2002-02-06,HUMAN CYCLIN DEPENDENT KINASE 2 COMPLEXED WITH THE CDK4 INHIBITOR,REJECTED_SITE_NOT_PRESENT_LT_80PCT_MATCHED,RCSB:1gij@2002-02-06|UNP:P24941|LIG:1ke5:LS1|RULE:10.1021/acs.jcim.5b00078-pK|BUILD:2026-09-11
1jsu,1ke5,LS1,SOLE_NON_ADDITIVE_CANDIDATE,C16H15N3O3S,P24941,A,A,9.876,2.678,98,105,0.933,3.713,100.0,apo,SO4,-,2.3,1997-07-29,P27(KIP1)/CYCLIN A/CDK2 COMPLEX,REJECTED_FOLD_MISMATCH_CA_RMSD_GT_3A,RCSB:1jsu@1997-07-29|UNP:P24941|LIG:1ke5:LS1|RULE:10.1021/acs.jcim.5b00078-pK|BUILD:2026-09-11
1w98,1ke5,LS1,SOLE_NON_ADDITIVE_CANDIDATE,C16H15N3O3S,P24941,A,A,8.217,2.414,105,105,1.0,5.737,99.66,apo,-,-,2.15,2005-02-02,The structural basis of CDK2 activation by cyclin E,REJECTED_FOLD_MISMATCH_CA_RMSD_GT_3A,RCSB:1w98@2005-02-02|UNP:P24941|LIG:1ke5:LS1|RULE:10.1021/acs.jcim.5b00078-pK|BUILD:2026-09-11
2ds1,1ke5,LS1,SOLE_NON_ADDITIVE_CANDIDATE,C16H15N3O3S,P24941,A,A,4.223,1.258,79,105,0.752,0.579,98.99,non-apo,1CD,1CD,2.0,2007-06-19,Human cyclin dependent kinase 2 complexed with the CDK4 inhibitor,REJECTED_SITE_NOT_PRESENT_LT_80PCT_MATCHED,RCSB:2ds1@2007-06-19|UNP:P24941|LIG:1ke5:LS1|RULE:10.1021/acs.jcim.5b00078-pK|BUILD:2026-09-11
2iw8,1ke5,LS1,SOLE_NON_ADDITIVE_CANDIDATE,C16H15N3O3S,P24941,A,A,8.486,1.733,82,105,0.781,2.4,98.99,non-apo,4SP;SGM,4SP,2.3,2006-09-06,STRUCTURE OF HUMAN THR160-PHOSPHO CDK2-CYCLIN A F82H-L83V-H84D MUTANT WITH AN O6-CYCLOHEXYLMETHYLGUANINE INHIB,REJECTED_SITE_NOT_PRESENT_LT_80PCT_MATCHED,RCSB:2iw8@2006-09-06|UNP:P24941|LIG:1ke5:LS1|RULE:10.1021/acs.jcim.5b00078-pK|BUILD:2026-09-11
2fgv,1kzk,JE2,NAME_MATCH_PAPER,C32H37N3O5S,P03369,B,,,,,91,,,,non-apo,PO4;NTB;DIQ;HPH;ASN;QNC,DIQ;HPH;QNC,1.5,2006-11-07,X-ray crystal structure of HIV-1 Protease T80N variant in complex with the inhibitor saquinavir used to explor,REJECTED_NO_MATCHING_CHAIN,RCSB:2fgv@2006-11-07|UNP:P03369|LIG:1kzk:JE2|RULE:10.1021/acs.jcim.5b00078-pK|BUILD:2026-09-11
2fns,1kzk,JE2,NAME_MATCH_PAPER,C32H37N3O5S,P03369,B,,,,,91,,,,apo,PO4;ACT,-,1.85,2006-09-05,Crystal structure of wild-type inactive (D25N) HIV-1 protease complexed with wild-type HIV-1 NC-p1 substrate.,REJECTED_NO_MATCHING_CHAIN,RCSB:2fns@2006-09-05|UNP:P03369|LIG:1kzk:JE2|RULE:10.1021/acs.jcim.5b00078-pK|BUILD:2026-09-11
2fnt,1kzk,JE2,NAME_MATCH_PAPER,C32H37N3O5S,P03369,B,,,,,91,,,,apo,ACT;PO4,-,1.44,2006-09-05,Crystal structure of a drug-resistant (V82A) inactive (D25N) HIV-1 protease complexed with AP2V variant of HIV,REJECTED_NO_MATCHING_CHAIN,RCSB:2fnt@2006-09-05|UNP:P03369|LIG:1kzk:JE2|RULE:10.1021/acs.jcim.5b00078-pK|BUILD:2026-09-11
2j9j,1kzk,JE2,NAME_MATCH_PAPER,C32H37N3O5S,P03369,B,,,,,91,,,,apo,ACT;GOL;SO4,-,1.04,2007-08-28,Atomic-resolution Crystal Structure of Chemically-Synthesized HIV-1 Protease Complexed with Inhibitor JG-365,REJECTED_NO_MATCHING_CHAIN,RCSB:2j9j@2007-08-28|UNP:P03369|LIG:1kzk:JE2|RULE:10.1021/acs.jcim.5b00078-pK|BUILD:2026-09-11
2j9k,1kzk,JE2,NAME_MATCH_PAPER,C32H37N3O5S,P03369,B,,,,,91,,,,non-apo,GOL;ACT;SO4;2NC,2NC,1.2,2007-08-28,Atomic-resolution Crystal Structure of Chemically-Synthesized HIV-1 Protease Complexed with Inhibitor MVT-101,REJECTED_NO_MATCHING_CHAIN,RCSB:2j9k@2007-08-28|UNP:P03369|LIG:1kzk:JE2|RULE:10.1021/acs.jcim.5b00078-pK|BUILD:2026-09-11
2je4,1kzk,JE2,NAME_MATCH_PAPER,C32H37N3O5S,P03369,B,,,,,91,,,,apo,SO4;GOL;ACT,-,1.07,2007-08-28,Atomic-resolution crystal structure of chemically-synthesized HIV-1 protease in complex with JG-365,REJECTED_NO_MATCHING_CHAIN,RCSB:2je4@2007-08-28|UNP:P03369|LIG:1kzk:JE2|RULE:10.1021/acs.jcim.5b00078-pK|BUILD:2026-09-11
2q3k,1kzk,JE2,NAME_MATCH_PAPER,C32H37N3O5S,P03369,B,,,,,91,,,,non-apo,PO4;ACT;MUW,MUW,2.0,2007-08-21,Crystal Structure of Lysine Sulfonamide Inhibitor Reveals the Displacement of the Conserved Flap Water Molecul,REJECTED_NO_MATCHING_CHAIN,RCSB:2q3k@2007-08-21|UNP:P03369|LIG:1kzk:JE2|RULE:10.1021/acs.jcim.5b00078-pK|BUILD:2026-09-11
1fxy,1lpz,CMB,SOLE_NON_ADDITIVE_CANDIDATE,C25H22Cl2N4O,P00742,B,,,,,143,,,,non-apo,0G6,0G6,2.15,1998-06-17,COAGULATION FACTOR XA-TRYPSIN CHIMERA INHIBITED WITH D-PHE-PRO-ARG-CHLOROMETHYLKETONE,REJECTED_NO_MATCHING_CHAIN,RCSB:1fxy@1998-06-17|UNP:P00742|LIG:1lpz:CMB|RULE:10.1021/acs.jcim.5b00078-pK|BUILD:2026-09-11
1nhz,1m2z,DEX,NAME_MATCH_PAPER,C22H29FO5,P04150,A,A,26.141,6.65,153,153,1.0,4.391,99.61,non-apo,486;HEZ,486,2.3,2003-05-06,Crystal Structure of the Antagonist Form of Glucocorticoid Receptor,REJECTED_FOLD_MISMATCH_CA_RMSD_GT_3A,RCSB:1nhz@2003-05-06|UNP:P04150|LIG:1m2z:DEX|RULE:10.1021/acs.jcim.5b00078-pK|BUILD:2026-09-11
1ak5,1meh,MOA,NAME_MATCH_PAPER,C17H20O6,P50097,A,A,2.345,0.815,55,75,0.733,0.432,100.0,apo,SO4,-,2.3,1997-09-17,INOSINE MONOPHOSPHATE DEHYDROGENASE (IMPDH) FROM TRITRICHOMONAS FOETUS,REJECTED_SITE_NOT_PRESENT_LT_80PCT_MATCHED,RCSB:1ak5@1997-09-17|UNP:P50097|LIG:1meh:MOA|RULE:10.1021/acs.jcim.5b00078-pK|BUILD:2026-09-11
1cmi,1mmv,3AR,SOLE_NON_ADDITIVE_CANDIDATE,C9H21N4O2,P29476,B,,,,,100,,,,apo,-,-,2.5,2000-02-21,STRUCTURE OF THE HUMAN PIN/LC8 DIMER WITH A BOUND PEPTIDE,REJECTED_NO_MATCHING_CHAIN,RCSB:1cmi@2000-02-21|UNP:P29476|LIG:1mmv:3AR|RULE:10.1021/acs.jcim.5b00078-pK|BUILD:2026-09-11
1f20,1mmv,3AR,SOLE_NON_ADDITIVE_CANDIDATE,C9H21N4O2,P29476,B,A,35.806,26.967,39,100,0.39,28.391,22.67,non-apo,FAD;NAP;GOL;FMT,FAD;NAP,1.9,2001-10-10,CRYSTAL STRUCTURE OF RAT NEURONAL NITRIC-OXIDE SYNTHASE FAD/NADP+ DOMAIN AT 1.9A RESOLUTION.,REJECTED_FOLD_MISMATCH_CA_RMSD_GT_3A,RCSB:1f20@2001-10-10|UNP:P29476|LIG:1mmv:3AR|RULE:10.1021/acs.jcim.5b00078-pK|BUILD:2026-09-11
1qau,1mmv,3AR,SOLE_NON_ADDITIVE_CANDIDATE,C9H21N4O2,P29476,B,A,29.457,16.4,15,100,0.15,20.28,64.29,apo,-,-,1.25,1999-05-04,UNEXPECTED MODES OF PDZ DOMAIN SCAFFOLDING REVEALED BY STRUCTURE OF NNOS-SYNTROPHIN COMPLEX,REJECTED_FOLD_MISMATCH_CA_RMSD_GT_3A,RCSB:1qau@1999-05-04|UNP:P29476|LIG:1mmv:3AR|RULE:10.1021/acs.jcim.5b00078-pK|BUILD:2026-09-11
1qav,1mmv,3AR,SOLE_NON_ADDITIVE_CANDIDATE,C9H21N4O2,P29476,B,B,13.121,10.82,16,100,0.16,20.76,62.61,apo,-,-,1.9,1999-05-04,Unexpected Modes of PDZ Domain Scaffolding Revealed by Structure of NNOS-Syntrophin Complex,REJECTED_FOLD_MISMATCH_CA_RMSD_GT_3A,RCSB:1qav@1999-05-04|UNP:P29476|LIG:1mmv:3AR|RULE:10.1021/acs.jcim.5b00078-pK|BUILD:2026-09-11
1tll,1mmv,3AR,SOLE_NON_ADDITIVE_CANDIDATE,C9H21N4O2,P29476,B,B,47.803,23.717,28,100,0.28,26.827,37.47,non-apo,SO3;FMN;FAD;NAP,FMN;FAD;NAP,2.3,2004-08-31,CRYSTAL STRUCTURE OF RAT NEURONAL NITRIC-OXIDE SYNTHASE REDUCTASE MODULE AT 2.3 A RESOLUTION.,REJECTED_FOLD_MISMATCH_CA_RMSD_GT_3A,RCSB:1tll@2004-08-31|UNP:P29476|LIG:1mmv:3AR|RULE:10.1021/acs.jcim.5b00078-pK|BUILD:2026-09-11
2hha,1n1m,A3M,SOLE_NON_ADDITIVE_CANDIDATE,C9H18N2O,P27487,A,,,,,85,,,,non-apo,NAG;NA;3TP,NAG;3TP,2.35,2006-09-19,The structure of DPP4 in complex with an oxadiazole inhibitor,REJECTED_NO_MATCHING_CHAIN,RCSB:2hha@2006-09-19|UNP:P27487|LIG:1n1m:A3M|RULE:10.1021/acs.jcim.5b00078-pK|BUILD:2026-09-11
2bbf,1n2v,BDI,SOLE_NON_ADDITIVE_CANDIDATE,C9H12N4O2,P28720,A,,,,,91,,,,non-apo,344;ZN,344,1.7,2007-04-24,Crystal structure of tRNA-guanine transglycosylase (TGT) from Zymomonas mobilis in complex with 6-amino-3;7-di,REJECTED_NO_MATCHING_CHAIN,RCSB:2bbf@2007-04-24|UNP:P28720|LIG:1n2v:BDI|RULE:10.1021/acs.jcim.5b00078-pK|BUILD:2026-09-11
2nqz,1n2v,BDI,SOLE_NON_ADDITIVE_CANDIDATE,C9H12N4O2,P28720,A,A,3.331,0.691,70,91,0.769,0.361,98.96,non-apo,GOL;PRF;ZN,PRF,1.46,2007-11-13,Trna-guanine transglycosylase (TGT) mutant in complex with 7-deaza-7-aminomethyl-guanine,REJECTED_SITE_NOT_PRESENT_LT_80PCT_MATCHED,RCSB:2nqz@2007-11-13|UNP:P28720|LIG:1n2v:BDI|RULE:10.1021/acs.jcim.5b00078-pK|BUILD:2026-09-11
2nso,1n2v,BDI,SOLE_NON_ADDITIVE_CANDIDATE,C9H12N4O2,P28720,A,A,1.136,0.37,67,91,0.736,0.273,98.96,apo,GOL;ZN,-,1.6,2007-12-04,Trna-gunanine-transglycosylase (TGT) mutant Y106F; C158V; A232S; V233G- APO-Structure,REJECTED_SITE_NOT_PRESENT_LT_80PCT_MATCHED,RCSB:2nso@2007-12-04|UNP:P28720|LIG:1n2v:BDI|RULE:10.1021/acs.jcim.5b00078-pK|BUILD:2026-09-11
2nll,1n46,PFA,SOLE_NON_ADDITIVE_CANDIDATE,C20H21N3O4,P10828,A,B,21.637,18.126,29,170,0.171,17.873,49.51,apo,ZN,-,1.9,1997-03-12,RETINOID X RECEPTOR-THYROID HORMONE RECEPTOR DNA-BINDING DOMAIN HETERODIMER BOUND TO THYROID RESPONSE ELEMENT ,REJECTED_FOLD_MISMATCH_CA_RMSD_GT_3A,RCSB:2nll@1997-03-12|UNP:P10828|LIG:1n46:PFA|RULE:10.1021/acs.jcim.5b00078-pK|BUILD:2026-09-11
2h77,1nav,IH5,SOLE_NON_ADDITIVE_CANDIDATE,C17H16Cl2O4,P10827,A,,,,,155,,,,non-apo,T3,T3,2.33,2006-07-25,Crystal structure of human TR alpha bound T3 in monoclinic space group,REJECTED_NO_MATCHING_CHAIN,RCSB:2h77@2006-07-25|UNP:P10827|LIG:1nav:IH5|RULE:10.1021/acs.jcim.5b00078-pK|BUILD:2026-09-11
2h79,1nav,IH5,SOLE_NON_ADDITIVE_CANDIDATE,C17H16Cl2O4,P10827,A,,,,,155,,,,non-apo,T3,T3,1.87,2006-07-25,Crystal Structure of human TR alpha bound T3 in orthorhombic space group,REJECTED_NO_MATCHING_CHAIN,RCSB:2h79@2006-07-25|UNP:P10827|LIG:1nav:IH5|RULE:10.1021/acs.jcim.5b00078-pK|BUILD:2026-09-11
1abo,1opk,P16,NAME_MATCH_PAPER,C21H16Cl2N4O2,P00520,A,,,,0,145,,,100.0,apo,SO4,-,2.0,1995-10-15,CRYSTAL STRUCTURE OF THE COMPLEX OF THE ABL TYROSINE KINASE SH3 DOMAIN WITH 3BP-1 SYNTHETIC PEPTIDE,REJECTED_TOO_FEW_MATCHED,RCSB:1abo@1995-10-15|UNP:P00520|LIG:1opk:P16|RULE:10.1021/acs.jcim.5b00078-pK|BUILD:2026-09-11
1abq,1opk,P16,NAME_MATCH_PAPER,C21H16Cl2N4O2,P00520,A,,,,0,145,,,100.0,apo,-,-,2.8,1995-10-15,CRYSTAL STRUCTURE OF THE UNLIGANDED ABL TYROSINE KINASE SH3 DOMAIN,REJECTED_TOO_FEW_MATCHED,RCSB:1abq@1995-10-15|UNP:P00520|LIG:1opk:P16|RULE:10.1021/acs.jcim.5b00078-pK|BUILD:2026-09-11
1fpu,1opk,P16,NAME_MATCH_PAPER,C21H16Cl2N4O2,P00520,A,B,7.902,2.108,145,145,1.0,4.128,99.66,non-apo,PRC,PRC,2.4,2000-09-20,CRYSTAL STRUCTURE OF ABL KINASE DOMAIN IN COMPLEX WITH A SMALL MOLECULE INHIBITOR,REJECTED_FOLD_MISMATCH_CA_RMSD_GT_3A,RCSB:1fpu@2000-09-20|UNP:P00520|LIG:1opk:P16|RULE:10.1021/acs.jcim.5b00078-pK|BUILD:2026-09-11
1iep,1opk,P16,NAME_MATCH_PAPER,C21H16Cl2N4O2,P00520,A,B,8.028,1.982,145,145,1.0,5.428,99.66,non-apo,CL;STI,STI,2.1,2001-04-18,CRYSTAL STRUCTURE OF THE C-ABL KINASE DOMAIN IN COMPLEX WITH STI-571.,REJECTED_FOLD_MISMATCH_CA_RMSD_GT_3A,RCSB:1iep@2001-04-18|UNP:P00520|LIG:1opk:P16|RULE:10.1021/acs.jcim.5b00078-pK|BUILD:2026-09-11
1opj,1opk,P16,NAME_MATCH_PAPER,C21H16Cl2N4O2,P00520,A,B,7.975,2.01,145,145,1.0,5.354,99.66,non-apo,CL;MYR;STI,MYR;STI,1.75,2003-04-08,Structural basis for the auto-inhibition of c-Abl tyrosine kinase,REJECTED_FOLD_MISMATCH_CA_RMSD_GT_3A,RCSB:1opj@2003-04-08|UNP:P00520|LIG:1opk:P16|RULE:10.1021/acs.jcim.5b00078-pK|BUILD:2026-09-11
2hzn,1opk,P16,NAME_MATCH_PAPER,C21H16Cl2N4O2,P00520,A,,,,,145,,,,non-apo,KIN,KIN,2.7,2007-01-16,Abl kinase domain in complex with NVP-AFG210,REJECTED_NO_MATCHING_CHAIN,RCSB:2hzn@2007-01-16|UNP:P00520|LIG:1opk:P16|RULE:10.1021/acs.jcim.5b00078-pK|BUILD:2026-09-11
2z60,1opk,P16,NAME_MATCH_PAPER,C21H16Cl2N4O2,P00520,A,A,10.434,2.568,138,145,0.952,3.712,99.31,non-apo,P3Y,P3Y,1.95,2007-09-18,Crystal Structure of the T315I Mutant of Abl kinase bound with PPY-A,REJECTED_FOLD_MISMATCH_CA_RMSD_GT_3A,RCSB:2z60@2007-09-18|UNP:P00520|LIG:1opk:P16|RULE:10.1021/acs.jcim.5b00078-pK|BUILD:2026-09-11
1f5k,1owe,675,SOLE_NON_ADDITIVE_CANDIDATE,C18H15N3O,P00749,A,,,,,99,,,,apo,SO4;BEN,-,1.8,2001-06-15,UROKINASE PLASMINOGEN ACTIVATOR B-CHAIN-BENZAMIDINE COMPLEX,REJECTED_NO_MATCHING_CHAIN,RCSB:1f5k@2001-06-15|UNP:P00749|LIG:1owe:675|RULE:10.1021/acs.jcim.5b00078-pK|BUILD:2026-09-11
2fd6,1owe,675,SOLE_NON_ADDITIVE_CANDIDATE,C18H15N3O,P00749,A,A,21.32,13.244,30,99,0.303,18.22,43.44,non-apo,SO4;ETX;EDO;NDG;PG4;PGE,NDG,1.9,2006-02-21,Structure of Human Urokinase Plasminogen Activator in Complex with Urokinase Receptor and an anti-upar antibod,REJECTED_FOLD_MISMATCH_CA_RMSD_GT_3A,RCSB:2fd6@2006-02-21|UNP:P00749|LIG:1owe:675|RULE:10.1021/acs.jcim.5b00078-pK|BUILD:2026-09-11
2i9a,1owe,675,SOLE_NON_ADDITIVE_CANDIDATE,C18H15N3O,P00749,A,A,22.161,16.682,28,99,0.283,18.241,37.93,apo,PO4,-,1.9,2006-11-28,Crystal structure of the free aminoterminal fragment of urokinase type plasminogen activator (ATF),REJECTED_FOLD_MISMATCH_CA_RMSD_GT_3A,RCSB:2i9a@2006-11-28|UNP:P00749|LIG:1owe:675|RULE:10.1021/acs.jcim.5b00078-pK|BUILD:2026-09-11
2i9b,1owe,675,SOLE_NON_ADDITIVE_CANDIDATE,C18H15N3O,P00749,A,D,22.728,15.883,28,99,0.283,18.215,37.93,apo,SO4,-,2.8,2007-01-02,Crystal structure of ATF-urokinase receptor complex,REJECTED_FOLD_MISMATCH_CA_RMSD_GT_3A,RCSB:2i9b@2007-01-02|UNP:P00749|LIG:1owe:675|RULE:10.1021/acs.jcim.5b00078-pK|BUILD:2026-09-11
2nwn,1owe,675,SOLE_NON_ADDITIVE_CANDIDATE,C18H15N3O,P00749,A,,,,,99,,,,apo,-,-,2.15,2007-10-16,New Pharmacophore for Serine Protease Inhibition Revealed by Crystal Structure of Human Urokinase-type Plasmin,REJECTED_NO_MATCHING_CHAIN,RCSB:2nwn@2007-10-16|UNP:P00749|LIG:1owe:675|RULE:10.1021/acs.jcim.5b00078-pK|BUILD:2026-09-11
2o8t,1owe,675,SOLE_NON_ADDITIVE_CANDIDATE,C18H15N3O,P00749,A,,,,,99,,,,apo,SO4;PEG;1PE,-,1.45,2007-12-25,Crystal Structure and Binding Epitopes of Urokinase-type Plasminogen Activator (C122A/N145Q) in complex with I,REJECTED_NO_MATCHING_CHAIN,RCSB:2o8t@2007-12-25|UNP:P00749|LIG:1owe:675|RULE:10.1021/acs.jcim.5b00078-pK|BUILD:2026-09-11
2o8u,1owe,675,SOLE_NON_ADDITIVE_CANDIDATE,C18H15N3O,P00749,A,,,,,99,,,,apo,BEN;PG4;PEG;SO4,-,1.7,2007-12-25,Crystal Structure and Binding Epitopes of Urokinase-type Plasminogen Activator (C122A/N145Q/S195A) in complex ,REJECTED_NO_MATCHING_CHAIN,RCSB:2o8u@2007-12-25|UNP:P00749|LIG:1owe:675|RULE:10.1021/acs.jcim.5b00078-pK|BUILD:2026-09-11
2o8w,1owe,675,SOLE_NON_ADDITIVE_CANDIDATE,C18H15N3O,P00749,A,,,,,99,,,,apo,SO4;PL0;PG4,-,1.86,2007-12-25,Crystal Structure and Binding Epitopes of Urokinase-type Plasminogen Activator (C122A/N145Q/S195A) in complex ,REJECTED_NO_MATCHING_CHAIN,RCSB:2o8w@2007-12-25|UNP:P00749|LIG:1owe:675|RULE:10.1021/acs.jcim.5b00078-pK|BUILD:2026-09-11
2r2w,1owe,675,SOLE_NON_ADDITIVE_CANDIDATE,C18H15N3O,P00749,A,,,,,99,,,,non-apo,4PG;SO4,4PG,2.01,2007-10-23,Urokinase plasminogen activator B-chain-GPPE complex,REJECTED_NO_MATCHING_CHAIN,RCSB:2r2w@2007-10-23|UNP:P00749|LIG:1owe:675|RULE:10.1021/acs.jcim.5b00078-pK|BUILD:2026-09-11
1bhx,1oyt,FSN,SOLE_NON_ADDITIVE_CANDIDATE,C23H24FN4O2,P00734,H,F,1.356,0.358,88,131,0.672,0.241,100.0,non-apo,R56,R56,2.3,1998-11-04,X-RAY STRUCTURE OF THE COMPLEX OF HUMAN ALPHA THROMBIN WITH THE INHIBITOR SDZ 229-357,REJECTED_SITE_NOT_PRESENT_LT_80PCT_MATCHED,RCSB:1bhx@1998-11-04|UNP:P00734|LIG:1oyt:FSN|RULE:10.1021/acs.jcim.5b00078-pK|BUILD:2026-09-11
1riw,1oyt,FSN,SOLE_NON_ADDITIVE_CANDIDATE,C23H24FN4O2,P00734,H,B,2.612,0.829,25,131,0.191,0.284,100.0,non-apo,OSC;NA;NAG,OSC;NAG,2.04,2004-11-09,Thrombin in complex with natural product inhibitor Oscillarin,REJECTED_SITE_NOT_PRESENT_LT_80PCT_MATCHED,RCSB:1riw@2004-11-09|UNP:P00734|LIG:1oyt:FSN|RULE:10.1021/acs.jcim.5b00078-pK|BUILD:2026-09-11
1tq0,1oyt,FSN,SOLE_NON_ADDITIVE_CANDIDATE,C23H24FN4O2,P00734,H,B,6.371,1.7,94,131,0.718,0.575,99.22,apo,-,-,2.8,2004-08-03,Crystal structure of the potent anticoagulant thrombin mutant W215A/E217A in free form,REJECTED_SITE_NOT_PRESENT_LT_80PCT_MATCHED,RCSB:1tq0@2004-08-03|UNP:P00734|LIG:1oyt:FSN|RULE:10.1021/acs.jcim.5b00078-pK|BUILD:2026-09-11
1tq7,1oyt,FSN,SOLE_NON_ADDITIVE_CANDIDATE,C23H24FN4O2,P00734,H,B,6.318,1.246,94,131,0.718,0.643,99.22,non-apo,NAG;0G6;ZN,NAG;0G6,2.4,2004-08-03,Crystal structure of the anticoagulant thrombin mutant W215A/E217A bound to PPACK,REJECTED_SITE_NOT_PRESENT_LT_80PCT_MATCHED,RCSB:1tq7@2004-08-03|UNP:P00734|LIG:1oyt:FSN|RULE:10.1021/acs.jcim.5b00078-pK|BUILD:2026-09-11
2hnt,1oyt,FSN,SOLE_NON_ADDITIVE_CANDIDATE,C23H24FN4O2,P00734,H,F,2.317,0.742,88,131,0.672,0.455,100.0,apo,-,-,2.5,1994-11-30,CRYSTALLOGRAPHIC STRUCTURE OF HUMAN GAMMA-THROMBIN,REJECTED_SITE_NOT_PRESENT_LT_80PCT_MATCHED,RCSB:2hnt@1994-11-30|UNP:P00734|LIG:1oyt:FSN|RULE:10.1021/acs.jcim.5b00078-pK|BUILD:2026-09-11
2pgb,1oyt,FSN,SOLE_NON_ADDITIVE_CANDIDATE,C23H24FN4O2,P00734,H,B,4.224,0.839,102,131,0.779,0.456,99.23,non-apo,NAG;SO4,NAG,1.54,2007-07-17,Inhibitor-free human thrombin mutant C191A-C220A,REJECTED_SITE_NOT_PRESENT_LT_80PCT_MATCHED,RCSB:2pgb@2007-07-17|UNP:P00734|LIG:1oyt:FSN|RULE:10.1021/acs.jcim.5b00078-pK|BUILD:2026-09-11
2pgq,1oyt,FSN,SOLE_NON_ADDITIVE_CANDIDATE,C23H24FN4O2,P00734,H,B,4.712,1.022,102,131,0.779,0.607,99.23,non-apo,0G6;NAG;ZN,0G6;NAG,1.8,2007-07-17,Human thrombin mutant C191A-C220A in complex with the inhibitor PPACK,REJECTED_SITE_NOT_PRESENT_LT_80PCT_MATCHED,RCSB:2pgq@2007-07-17|UNP:P00734|LIG:1oyt:FSN|RULE:10.1021/acs.jcim.5b00078-pK|BUILD:2026-09-11
3htc,1oyt,FSN,SOLE_NON_ADDITIVE_CANDIDATE,C23H24FN4O2,P00734,H,H,2.228,0.633,18,131,0.137,0.848,100.0,apo,-,-,2.3,1994-01-31,THE STRUCTURE OF A COMPLEX OF RECOMBINANT HIRUDIN AND HUMAN ALPHA-THROMBIN,REJECTED_SITE_NOT_PRESENT_LT_80PCT_MATCHED,RCSB:3htc@1994-01-31|UNP:P00734|LIG:1oyt:FSN|RULE:10.1021/acs.jcim.5b00078-pK|BUILD:2026-09-11
1j51,1p2y,NCT,NAME_MATCH_PAPER,C10H14N2,P00183,A,D,1.851,0.569,51,66,0.773,0.398,99.03,non-apo,K;HEM;TCZ,HEM;TCZ,2.2,2002-01-23,CRYSTAL STRUCTURE OF CYTOCHROME P450CAM MUTANT (F87W/Y96F/V247L/C334A) WITH 1;3;5-TRICHLOROBENZENE,REJECTED_SITE_NOT_PRESENT_LT_80PCT_MATCHED,RCSB:1j51@2002-01-23|UNP:P00183|LIG:1p2y:NCT|RULE:10.1021/acs.jcim.5b00078-pK|BUILD:2026-09-11
1mpw,1p2y,NCT,NAME_MATCH_PAPER,C10H14N2,P00183,A,B,1.708,0.638,51,66,0.773,0.391,99.03,non-apo,TMH;HEM;K,HEM,2.34,2002-10-09,Molecular Recognition in (+)-a-Pinene Oxidation by Cytochrome P450cam,REJECTED_SITE_NOT_PRESENT_LT_80PCT_MATCHED,RCSB:1mpw@2002-10-09|UNP:P00183|LIG:1p2y:NCT|RULE:10.1021/acs.jcim.5b00078-pK|BUILD:2026-09-11
2frz,1p2y,NCT,NAME_MATCH_PAPER,C10H14N2,P00183,A,B,1.923,0.467,51,66,0.773,0.381,99.03,non-apo,K;HEM,HEM,2.1,2007-01-16,Crystal Structure of Cytochrome P450cam mutant (F87W/Y96F/V247L/C334A),REJECTED_SITE_NOT_PRESENT_LT_80PCT_MATCHED,RCSB:2frz@2007-01-16|UNP:P00183|LIG:1p2y:NCT|RULE:10.1021/acs.jcim.5b00078-pK|BUILD:2026-09-11
2gqx,1p2y,NCT,NAME_MATCH_PAPER,C10H14N2,P00183,A,B,2.993,0.936,44,66,0.667,0.383,98.77,non-apo,K;HEM;5CL,HEM;5CL,2.1,2007-04-17,Crystal structure of cytochrome p450cam mutant (f87w/y96f/l244a/v247l/c334a) with pentachlorobenzene,REJECTED_SITE_NOT_PRESENT_LT_80PCT_MATCHED,RCSB:2gqx@2007-04-17|UNP:P00183|LIG:1p2y:NCT|RULE:10.1021/acs.jcim.5b00078-pK|BUILD:2026-09-11
2gr6,1p2y,NCT,NAME_MATCH_PAPER,C10H14N2,P00183,A,B,2.641,0.905,44,66,0.667,0.387,98.77,non-apo,K;HEM,HEM,2.3,2007-04-17,Crystal structure of cytochrome p450cam mutant (f87w/y96f/l244a/v247l/c334a),REJECTED_SITE_NOT_PRESENT_LT_80PCT_MATCHED,RCSB:2gr6@2007-04-17|UNP:P00183|LIG:1p2y:NCT|RULE:10.1021/acs.jcim.5b00078-pK|BUILD:2026-09-11
1sq6,1q1g,MTI,NAME_MATCH_PAPER,C12H17N4O3S,Q8I3X4,D,A,3.667,0.83,82,108,0.759,0.3,97.23,apo,SO4,-,2.4,2004-04-06,Plasmodium falciparum homolog of Uridine phosphorylase/Purine nucleoside phosphorylase,REJECTED_SITE_NOT_PRESENT_LT_80PCT_MATCHED,RCSB:1sq6@2004-04-06|UNP:Q8I3X4|LIG:1q1g:MTI|RULE:10.1021/acs.jcim.5b00078-pK|BUILD:2026-09-11
2bsx,1q1g,MTI,NAME_MATCH_PAPER,C12H17N4O3S,Q8I3X4,D,,,,,108,,,,non-apo,NOS,NOS,2.0,2005-08-18,Crystal structure of the Plasmodium falciparum purine nucleoside phosphorylase complexed with inosine,REJECTED_NO_MATCHING_CHAIN,RCSB:2bsx@2005-08-18|UNP:Q8I3X4|LIG:1q1g:MTI|RULE:10.1021/acs.jcim.5b00078-pK|BUILD:2026-09-11
1o6k,1q41,IXM,NAME_MATCH_PAPER,C16H11N3O2,P49841,A,,,,,99,,,,non-apo,ANP;MN,ANP,1.7,2002-11-19,Structure of activated form of PKB kinase domain S474D with GSK3 peptide and AMP-PNP,REJECTED_NO_MATCHING_CHAIN,RCSB:1o6k@2002-11-19|UNP:P49841|LIG:1q41:IXM|RULE:10.1021/acs.jcim.5b00078-pK|BUILD:2026-09-11
1o6l,1q41,IXM,NAME_MATCH_PAPER,C16H11N3O2,P49841,A,,,,,99,,,,non-apo,ANP;MN,ANP,1.6,2002-11-19,Crystal structure of an activated Akt/protein kinase B (PKB-PIF chimera) ternary complex with AMP-PNP and GSK3,REJECTED_NO_MATCHING_CHAIN,RCSB:1o6l@2002-11-19|UNP:P49841|LIG:1q41:IXM|RULE:10.1021/acs.jcim.5b00078-pK|BUILD:2026-09-11
2jdo,1q41,IXM,NAME_MATCH_PAPER,C16H11N3O2,P49841,A,A,24.558,16.387,34,99,0.343,10.374,31.87,non-apo,I5S;EDO,I5S,1.8,2007-02-13,STRUCTURE OF PKB-BETA (AKT2) COMPLEXED WITH ISOQUINOLINE-5-SULFONIC ACID (2-(2-(4-CHLOROBENZYLOXY) ETHYLAMINO),REJECTED_FOLD_MISMATCH_CA_RMSD_GT_3A,RCSB:2jdo@2007-02-13|UNP:P49841|LIG:1q41:IXM|RULE:10.1021/acs.jcim.5b00078-pK|BUILD:2026-09-11
2jdr,1q41,IXM,NAME_MATCH_PAPER,C16H11N3O2,P49841,A,A,24.417,16.247,34,99,0.343,10.213,31.87,non-apo,L20,L20,2.3,2007-02-13,STRUCTURE OF PKB-BETA (AKT2) COMPLEXED WITH THE INHIBITOR A-443654,REJECTED_FOLD_MISMATCH_CA_RMSD_GT_3A,RCSB:2jdr@2007-02-13|UNP:P49841|LIG:1q41:IXM|RULE:10.1021/acs.jcim.5b00078-pK|BUILD:2026-09-11
2uw9,1q41,IXM,NAME_MATCH_PAPER,C16H11N3O2,P49841,A,A,24.474,16.361,34,99,0.343,10.213,31.87,non-apo,GVP,GVP,2.1,2007-05-08,STRUCTURE OF PKB-BETA (AKT2) COMPLEXED WITH 4-(4-chloro-phenyl)-4-(4-(1H-pyrazol-4-yl)-phenyl)-piperidine,REJECTED_FOLD_MISMATCH_CA_RMSD_GT_3A,RCSB:2uw9@2007-05-08|UNP:P49841|LIG:1q41:IXM|RULE:10.1021/acs.jcim.5b00078-pK|BUILD:2026-09-11
1pth,1q4g,BFL,SOLE_NON_ADDITIVE_CANDIDATE,C15H14O2,P05979,A,,,,,104,,,,non-apo,BOG;HEM;SAL;NAG,BOG;HEM;NAG,3.4,1996-04-11,The Structural Basis of Aspirin Activity Inferred from the Crystal Structure of Inactivated Prostaglandin H2 S,REJECTED_NO_MATCHING_CHAIN,RCSB:1pth@1996-04-11|UNP:P05979|LIG:1q4g:BFL|RULE:10.1021/acs.jcim.5b00078-pK|BUILD:2026-09-11
1kb2,1s19,MC9,NAME_MATCH_PAPER,C27H40O3,P11473,A,,,,8,164,,,46.36,apo,ZN,-,2.7,2002-05-03,Crystal Structure of VDR DNA-binding Domain Bound to Mouse Osteopontin (SPP) Response Element,REJECTED_TOO_FEW_MATCHED,RCSB:1kb2@2002-05-03|UNP:P11473|LIG:1s19:MC9|RULE:10.1021/acs.jcim.5b00078-pK|BUILD:2026-09-11
1kb4,1s19,MC9,NAME_MATCH_PAPER,C27H40O3,P11473,A,,,,8,164,,,46.36,apo,ZN,-,2.8,2002-05-03,Crystal Structure of VDR DNA-binding Domain Bound to a Canonical Direct Repeat with Three Base Pair Spacer (DR,REJECTED_TOO_FEW_MATCHED,RCSB:1kb4@2002-05-03|UNP:P11473|LIG:1s19:MC9|RULE:10.1021/acs.jcim.5b00078-pK|BUILD:2026-09-11
1kb6,1s19,MC9,NAME_MATCH_PAPER,C27H40O3,P11473,A,,,,8,164,,,46.36,apo,ZN,-,2.7,2002-05-03,Crystal Structure of VDR DNA-binding Domain Bound to Rat Osteocalcin (OC) Response Element,REJECTED_TOO_FEW_MATCHED,RCSB:1kb6@2002-05-03|UNP:P11473|LIG:1s19:MC9|RULE:10.1021/acs.jcim.5b00078-pK|BUILD:2026-09-11
1ynw,1s19,MC9,NAME_MATCH_PAPER,C27H40O3,P11473,A,,,,8,164,,,46.36,apo,ZN,-,3.0,2005-02-15,Crystal Structure of Vitamin D Receptor and 9-cis Retinoic Acid Receptor DNA-Binding Domains Bound to a DR3 Re,REJECTED_TOO_FEW_MATCHED,RCSB:1ynw@2005-02-15|UNP:P11473|LIG:1s19:MC9|RULE:10.1021/acs.jcim.5b00078-pK|BUILD:2026-09-11
1a52,1sj0,E4D,NAME_MATCH_PAPER,C27H29NO4S,P03372,A,A,25.232,4.812,150,151,0.993,6.679,99.6,non-apo,EST;AU,EST;AU,2.8,1998-09-16,ESTROGEN RECEPTOR ALPHA LIGAND-BINDING DOMAIN COMPLEXED TO ESTRADIOL,REJECTED_FOLD_MISMATCH_CA_RMSD_GT_3A,RCSB:1a52@1998-09-16|UNP:P03372|LIG:1sj0:E4D|RULE:10.1021/acs.jcim.5b00078-pK|BUILD:2026-09-11
1ere,1sj0,E4D,NAME_MATCH_PAPER,C27H29NO4S,P03372,A,E,9.752,2.562,147,151,0.974,4.302,99.6,non-apo,EST,EST,3.1,1998-09-16,HUMAN ESTROGEN RECEPTOR LIGAND-BINDING DOMAIN IN COMPLEX WITH 17BETA-ESTRADIOL,REJECTED_FOLD_MISMATCH_CA_RMSD_GT_3A,RCSB:1ere@1998-09-16|UNP:P03372|LIG:1sj0:E4D|RULE:10.1021/acs.jcim.5b00078-pK|BUILD:2026-09-11
1g50,1sj0,E4D,NAME_MATCH_PAPER,C27H29NO4S,P03372,A,C,15.964,3.473,151,151,1.0,3.919,98.79,non-apo,EST,EST,2.9,2002-02-06,CRYSTAL STRUCTURE OF A WILD TYPE HER ALPHA LBD AT 2.9 ANGSTROM RESOLUTION,REJECTED_FOLD_MISMATCH_CA_RMSD_GT_3A,RCSB:1g50@2002-02-06|UNP:P03372|LIG:1sj0:E4D|RULE:10.1021/acs.jcim.5b00078-pK|BUILD:2026-09-11
1gwq,1sj0,E4D,NAME_MATCH_PAPER,C27H29NO4S,P03372,A,A,13.891,3.387,151,151,1.0,4.303,97.58,non-apo,ZTW,ZTW,2.45,2002-08-29,HUMAN OESTROGEN RECEPTOR ALPHA LIGAND-BINDING DOMAIN IN COMPLEX WITH RALOXIFENE CORE AND TIF2 NRBOX2 PEPTIDE,REJECTED_FOLD_MISMATCH_CA_RMSD_GT_3A,RCSB:1gwq@2002-08-29|UNP:P03372|LIG:1sj0:E4D|RULE:10.1021/acs.jcim.5b00078-pK|BUILD:2026-09-11
1gwr,1sj0,E4D,NAME_MATCH_PAPER,C27H29NO4S,P03372,A,B,12.388,2.788,148,151,0.98,4.267,99.18,non-apo,EST,EST,2.4,2002-08-29,HUMAN OESTROGEN RECEPTOR ALPHA LIGAND-BINDING DOMAIN IN COMPLEX WITH 17BETA-OESTRADIOL AND TIF2 NRBOX3 PEPTIDE,REJECTED_FOLD_MISMATCH_CA_RMSD_GT_3A,RCSB:1gwr@2002-08-29|UNP:P03372|LIG:1sj0:E4D|RULE:10.1021/acs.jcim.5b00078-pK|BUILD:2026-09-11
1hcq,1sj0,E4D,NAME_MATCH_PAPER,C27H29NO4S,P03372,A,B,24.995,15.873,26,151,0.172,14.524,47.62,apo,ZN,-,2.4,1995-11-23,THE CRYSTAL STRUCTURE OF THE ESTROGEN RECEPTOR DNA-BINDING DOMAIN BOUND TO DNA: HOW RECEPTORS DISCRIMINATE BET,REJECTED_FOLD_MISMATCH_CA_RMSD_GT_3A,RCSB:1hcq@1995-11-23|UNP:P03372|LIG:1sj0:E4D|RULE:10.1021/acs.jcim.5b00078-pK|BUILD:2026-09-11
1l2i,1sj0,E4D,NAME_MATCH_PAPER,C27H29NO4S,P03372,A,B,10.304,3.082,151,151,1.0,3.961,99.6,non-apo,CL;ETC,ETC,1.95,2002-05-01,Human Estrogen Receptor alpha Ligand-binding Domain in Complex with (R;R)-5;11-cis-diethyl-5;6;11;12-tetrahydr,REJECTED_FOLD_MISMATCH_CA_RMSD_GT_3A,RCSB:1l2i@2002-05-01|UNP:P03372|LIG:1sj0:E4D|RULE:10.1021/acs.jcim.5b00078-pK|BUILD:2026-09-11
1pcg,1sj0,E4D,NAME_MATCH_PAPER,C27H29NO4S,P03372,A,B,16.35,3.017,145,151,0.96,3.839,97.54,non-apo,EST,EST,2.7,2003-10-28,Helix-stabilized cyclic peptides as selective inhibitors of steroid receptor-coactivator interactions,REJECTED_FOLD_MISMATCH_CA_RMSD_GT_3A,RCSB:1pcg@2003-10-28|UNP:P03372|LIG:1sj0:E4D|RULE:10.1021/acs.jcim.5b00078-pK|BUILD:2026-09-11
1qku,1sj0,E4D,NAME_MATCH_PAPER,C27H29NO4S,P03372,A,A,16.013,3.739,151,151,1.0,5.393,98.39,non-apo,EST,EST,3.2,2000-08-18,WILD TYPE ESTROGEN NUCLEAR RECEPTOR LIGAND BINDING DOMAIN COMPLEXED WITH ESTRADIOL,REJECTED_FOLD_MISMATCH_CA_RMSD_GT_3A,RCSB:1qku@2000-08-18|UNP:P03372|LIG:1sj0:E4D|RULE:10.1021/acs.jcim.5b00078-pK|BUILD:2026-09-11
1x7e,1sj0,E4D,NAME_MATCH_PAPER,C27H29NO4S,P03372,A,B,16.045,3.656,151,151,1.0,4.794,98.78,non-apo,244,244,2.8,2005-03-01,CRYSTAL STRUCTURE OF ESTROGEN RECEPTOR ALPHA COMPLEXED WITH WAY-244,REJECTED_FOLD_MISMATCH_CA_RMSD_GT_3A,RCSB:1x7e@2005-03-01|UNP:P03372|LIG:1sj0:E4D|RULE:10.1021/acs.jcim.5b00078-pK|BUILD:2026-09-11
1x7r,1sj0,E4D,NAME_MATCH_PAPER,C27H29NO4S,P03372,A,A,14.286,3.355,151,151,1.0,3.839,98.78,non-apo,GEN,GEN,2.0,2005-03-01,CRYSTAL STRUCTURE OF ESTROGEN RECEPTOR ALPHA COMPLEXED WITH GENISTEIN,REJECTED_FOLD_MISMATCH_CA_RMSD_GT_3A,RCSB:1x7r@2005-03-01|UNP:P03372|LIG:1sj0:E4D|RULE:10.1021/acs.jcim.5b00078-pK|BUILD:2026-09-11
1zky,1sj0,E4D,NAME_MATCH_PAPER,C27H29NO4S,P03372,A,A,10.869,2.849,145,151,0.96,4.83,99.6,non-apo,689,689,2.25,2006-05-09,Human Estrogen Receptor Alpha Ligand-Binding Domain In Complex With OBCP-3M and A Glucocorticoid Receptor Inte,REJECTED_FOLD_MISMATCH_CA_RMSD_GT_3A,RCSB:1zky@2006-05-09|UNP:P03372|LIG:1sj0:E4D|RULE:10.1021/acs.jcim.5b00078-pK|BUILD:2026-09-11
2b1v,1sj0,E4D,NAME_MATCH_PAPER,C27H29NO4S,P03372,A,A,10.569,2.651,145,151,0.96,4.3,99.6,non-apo,458,458,1.8,2006-05-09,Human estrogen receptor alpha ligand-binding domain in complex with OBCP-1M and a glucocorticoid receptor inte,REJECTED_FOLD_MISMATCH_CA_RMSD_GT_3A,RCSB:2b1v@2006-05-09|UNP:P03372|LIG:1sj0:E4D|RULE:10.1021/acs.jcim.5b00078-pK|BUILD:2026-09-11
2b1z,1sj0,E4D,NAME_MATCH_PAPER,C27H29NO4S,P03372,A,B,10.242,2.612,145,151,0.96,3.94,99.6,non-apo,17M,17M,1.78,2006-09-19,Human estrogen receptor alpha ligand-binding domain in complex with 17methyl-17alpha-dihydroequilenin and a gl,REJECTED_FOLD_MISMATCH_CA_RMSD_GT_3A,RCSB:2b1z@2006-09-19|UNP:P03372|LIG:1sj0:E4D|RULE:10.1021/acs.jcim.5b00078-pK|BUILD:2026-09-11
2b23,1sj0,E4D,NAME_MATCH_PAPER,C27H29NO4S,P03372,A,B,10.405,2.667,145,151,0.96,3.848,99.6,apo,-,-,2.1,2006-09-19,Human estrogen receptor alpha ligand-binding domain and a glucocorticoid receptor-interacting protein 1 NR box,REJECTED_FOLD_MISMATCH_CA_RMSD_GT_3A,RCSB:2b23@2006-09-19|UNP:P03372|LIG:1sj0:E4D|RULE:10.1021/acs.jcim.5b00078-pK|BUILD:2026-09-11
2fai,1sj0,E4D,NAME_MATCH_PAPER,C27H29NO4S,P03372,A,A,10.892,2.644,145,151,0.96,4.309,99.6,non-apo,459,459,2.1,2006-05-09,Human Estrogen Receptor Alpha Ligand-Binding Domain In Complex With OBCP-2M and A Glucocorticoid Receptor Inte,REJECTED_FOLD_MISMATCH_CA_RMSD_GT_3A,RCSB:2fai@2006-05-09|UNP:P03372|LIG:1sj0:E4D|RULE:10.1021/acs.jcim.5b00078-pK|BUILD:2026-09-11
2g44,1sj0,E4D,NAME_MATCH_PAPER,C27H29NO4S,P03372,A,A,10.398,2.737,145,151,0.96,4.295,99.6,non-apo,T3O,T3O,2.65,2007-01-09,Human Estrogen Receptor Alpha Ligand-Binding Domain In Complex With OBCP-1M-G and A Glucocorticoid Receptor In,REJECTED_FOLD_MISMATCH_CA_RMSD_GT_3A,RCSB:2g44@2007-01-09|UNP:P03372|LIG:1sj0:E4D|RULE:10.1021/acs.jcim.5b00078-pK|BUILD:2026-09-11
2g5o,1sj0,E4D,NAME_MATCH_PAPER,C27H29NO4S,P03372,A,A,10.352,2.759,145,151,0.96,4.286,99.6,non-apo,DRQ,DRQ,2.3,2007-03-06,Human estrogen receptor alpha ligand-binding domain in complex with 2-(but-1-enyl)-17beta-estradiol and a gluc,REJECTED_FOLD_MISMATCH_CA_RMSD_GT_3A,RCSB:2g5o@2007-03-06|UNP:P03372|LIG:1sj0:E4D|RULE:10.1021/acs.jcim.5b00078-pK|BUILD:2026-09-11
2ocf,1sj0,E4D,NAME_MATCH_PAPER,C27H29NO4S,P03372,A,A,10.936,3.145,151,151,1.0,4.357,99.6,non-apo,EST,EST,2.95,2007-11-06,Human estrogen receptor alpha ligand-binding domain in complex with estradiol and the E2#23 FN3 monobody,REJECTED_FOLD_MISMATCH_CA_RMSD_GT_3A,RCSB:2ocf@2007-11-06|UNP:P03372|LIG:1sj0:E4D|RULE:10.1021/acs.jcim.5b00078-pK|BUILD:2026-09-11
2p15,1sj0,E4D,NAME_MATCH_PAPER,C27H29NO4S,P03372,A,A,10.831,3.167,151,151,1.0,4.719,99.6,non-apo,EZT,EZT,1.94,2007-05-01,Crystal structure of the ER alpha ligand binding domain with the agonist ortho-trifluoromethylphenylvinyl estr,REJECTED_FOLD_MISMATCH_CA_RMSD_GT_3A,RCSB:2p15@2007-05-01|UNP:P03372|LIG:1sj0:E4D|RULE:10.1021/acs.jcim.5b00078-pK|BUILD:2026-09-11
2q6j,1sj0,E4D,NAME_MATCH_PAPER,C27H29NO4S,P03372,A,B,10.69,3.343,151,151,1.0,4.371,99.6,non-apo,A48,A48,2.7,2007-06-26,Crystal Structure of Estrogen Receptor alpha Complexed to a B-N Substituted Ligand,REJECTED_FOLD_MISMATCH_CA_RMSD_GT_3A,RCSB:2q6j@2007-06-26|UNP:P03372|LIG:1sj0:E4D|RULE:10.1021/acs.jcim.5b00078-pK|BUILD:2026-09-11
3erd,1sj0,E4D,NAME_MATCH_PAPER,C27H29NO4S,P03372,A,A,15.645,3.563,151,151,1.0,4.775,100.0,non-apo,ACY;DES;CL,DES,2.03,1999-04-08,HUMAN ESTROGEN RECEPTOR ALPHA LIGAND-BINDING DOMAIN IN COMPLEX WITH DIETHYLSTILBESTROL AND A GLUCOCORTICOID RE,REJECTED_FOLD_MISMATCH_CA_RMSD_GT_3A,RCSB:3erd@1999-04-08|UNP:P03372|LIG:1sj0:E4D|RULE:10.1021/acs.jcim.5b00078-pK|BUILD:2026-09-11
2c7a,1sqn,NDR,NAME_MATCH_PAPER,C20H26O2,P06401,B,B,28.181,20.882,31,131,0.237,15.349,57.69,apo,ZN,-,2.5,2006-08-30,STRUCTURE OF THE PROGESTERONE RECEPTOR-DNA COMPLEX,REJECTED_FOLD_MISMATCH_CA_RMSD_GT_3A,RCSB:2c7a@2006-08-30|UNP:P06401|LIG:1sqn:NDR|RULE:10.1021/acs.jcim.5b00078-pK|BUILD:2026-09-11
1abn,1t40,ID5,NAME_MATCH_PAPER,C17H10F4N2O4S,P15121,A,,,,9,138,,,99.68,non-apo,NDP,NDP,2.4,1994-01-31,THE CRYSTAL STRUCTURE OF THE ALDOSE REDUCTASE NADPH BINARY COMPLEX,REJECTED_TOO_FEW_MATCHED,RCSB:1abn@1994-01-31|UNP:P15121|LIG:1t40:ID5|RULE:10.1021/acs.jcim.5b00078-pK|BUILD:2026-09-11
1mar,1t40,ID5,NAME_MATCH_PAPER,C17H10F4N2O4S,P15121,A,A,0.484,0.248,10,138,0.072,0.341,100.0,non-apo,ZST;NAP,ZST;NAP,1.8,1995-07-20,REFINED 1.8 ANGSTROMS STRUCTURE OF HUMAN ALDOSE REDUCTASE COMPLEXED WITH THE POTENT INHIBITOR ZOPOLRESTAT,REJECTED_SITE_NOT_PRESENT_LT_80PCT_MATCHED,RCSB:1mar@1995-07-20|UNP:P15121|LIG:1t40:ID5|RULE:10.1021/acs.jcim.5b00078-pK|BUILD:2026-09-11
1z8a,1t40,ID5,NAME_MATCH_PAPER,C17H10F4N2O4S,P15121,A,,,,,138,,,,non-apo,62P;NAP,62P;NAP,0.95,2006-03-14,Human Aldose Reductase complexed with novel Sulfonyl-pyridazinone Inhibitor,REJECTED_NO_MATCHING_CHAIN,RCSB:1z8a@2006-03-14|UNP:P15121|LIG:1t40:ID5|RULE:10.1021/acs.jcim.5b00078-pK|BUILD:2026-09-11
2fzb,1t40,ID5,NAME_MATCH_PAPER,C17H10F4N2O4S,P15121,A,,,,,138,,,,non-apo,NAP;TOL,NAP;TOL,1.5,2006-10-03,Human Aldose Reductase complexed with four tolrestat molecules at 1.5 A resolution.,REJECTED_NO_MATCHING_CHAIN,RCSB:2fzb@2006-10-03|UNP:P15121|LIG:1t40:ID5|RULE:10.1021/acs.jcim.5b00078-pK|BUILD:2026-09-11
2j8t,1t40,ID5,NAME_MATCH_PAPER,C17H10F4N2O4S,P15121,A,,,,,138,,,,non-apo,FLC;NAP,NAP,0.82,2007-05-29,Human aldose reductase in complex with NADP and citrate at 0.82 angstrom,REJECTED_NO_MATCHING_CHAIN,RCSB:2j8t@2007-05-29|UNP:P15121|LIG:1t40:ID5|RULE:10.1021/acs.jcim.5b00078-pK|BUILD:2026-09-11
1pkg,1t46,STI,SOLE_NON_ADDITIVE_CANDIDATE,C29H31N7O,P10721,A,A,12.879,2.896,175,175,1.0,5.471,100.0,non-apo,MG;ADP,ADP,2.9,2003-08-12,Structure of a c-Kit Kinase Product Complex,REJECTED_FOLD_MISMATCH_CA_RMSD_GT_3A,RCSB:1pkg@2003-08-12|UNP:P10721|LIG:1t46:STI|RULE:10.1021/acs.jcim.5b00078-pK|BUILD:2026-09-11
2e9w,1t46,STI,SOLE_NON_ADDITIVE_CANDIDATE,C29H31N7O,P10721,A,A,53.679,28.959,74,175,0.423,37.512,35.46,non-apo,NAG,NAG,3.5,2007-08-07,Crystal structure of the extracellular domain of Kit in complex with stem cell factor (SCF),REJECTED_FOLD_MISMATCH_CA_RMSD_GT_3A,RCSB:2e9w@2007-08-07|UNP:P10721|LIG:1t46:STI|RULE:10.1021/acs.jcim.5b00078-pK|BUILD:2026-09-11
2ec8,1t46,STI,SOLE_NON_ADDITIVE_CANDIDATE,C29H31N7O,P10721,A,A,51.516,26.846,50,175,0.286,39.005,35.78,non-apo,NAG,NAG,3.0,2007-08-07,Crystal structure of the exctracellular domain of the receptor tyrosine kinase; Kit,REJECTED_FOLD_MISMATCH_CA_RMSD_GT_3A,RCSB:2ec8@2007-08-07|UNP:P10721|LIG:1t46:STI|RULE:10.1021/acs.jcim.5b00078-pK|BUILD:2026-09-11
2iuh,1t46,STI,SOLE_NON_ADDITIVE_CANDIDATE,C29H31N7O,P10721,A,,,,,175,,,,apo,-,-,2.0,2006-06-06,Crystal structure of the PI3-kinase p85 N-terminal SH2 domain in complex with c-Kit phosphotyrosyl peptide,REJECTED_NO_MATCHING_CHAIN,RCSB:2iuh@2006-06-06|UNP:P10721|LIG:1t46:STI|RULE:10.1021/acs.jcim.5b00078-pK|BUILD:2026-09-11
2vif,1t46,STI,SOLE_NON_ADDITIVE_CANDIDATE,C29H31N7O,P10721,A,,,,,175,,,,apo,EDO,-,1.45,2007-12-25,Crystal structure of SOCS6 SH2 domain in complex with a c-KIT phosphopeptide,REJECTED_NO_MATCHING_CHAIN,RCSB:2vif@2007-12-25|UNP:P10721|LIG:1t46:STI|RULE:10.1021/acs.jcim.5b00078-pK|BUILD:2026-09-11
1yae,1tt1,KAI,NAME_MATCH_PAPER,C10H15NO4,P42260,B,,,,,97,,,,non-apo,NAG;DOQ,NAG;DOQ,3.11,2005-02-01,Structure of the Kainate Receptor Subunit GluR6 Agonist Binding Domain Complexed with Domoic Acid,REJECTED_NO_MATCHING_CHAIN,RCSB:1yae@2005-02-01|UNP:P42260|LIG:1tt1:KAI|RULE:10.1021/acs.jcim.5b00078-pK|BUILD:2026-09-11
1sok,1tz8,DES,NAME_MATCH_PAPER,C18H20O2,P02766,B,A,4.665,1.065,43,56,0.768,0.397,98.43,apo,-,-,1.6,2004-07-06,Crystal structure of the transthyretin mutant A108Y/L110E solved in space group p21212,REJECTED_SITE_NOT_PRESENT_LT_80PCT_MATCHED,RCSB:1sok@2004-07-06|UNP:P02766|LIG:1tz8:DES|RULE:10.1021/acs.jcim.5b00078-pK|BUILD:2026-09-11
1soq,1tz8,DES,NAME_MATCH_PAPER,C18H20O2,P02766,B,D,4.65,1.052,43,56,0.768,0.443,98.43,apo,-,-,2.1,2004-07-06,Crystal structure of the transthyretin mutant A108Y/L110E solved in space group C2,REJECTED_SITE_NOT_PRESENT_LT_80PCT_MATCHED,RCSB:1soq@2004-07-06|UNP:P02766|LIG:1tz8:DES|RULE:10.1021/acs.jcim.5b00078-pK|BUILD:2026-09-11
1lx7,1u1c,BAU,NAME_MATCH_PAPER,C14H16N2O4,P12758,B,B,3.197,1.537,63,98,0.643,0.597,100.0,apo,-,-,2.0,2002-06-12,Structure of E. coli uridine phosphorylase at 2.0A,REJECTED_SITE_NOT_PRESENT_LT_80PCT_MATCHED,RCSB:1lx7@2002-06-12|UNP:P12758|LIG:1u1c:BAU|RULE:10.1021/acs.jcim.5b00078-pK|BUILD:2026-09-11
1t0u,1u1c,BAU,NAME_MATCH_PAPER,C14H16N2O4,P12758,B,A,3.526,1.543,70,98,0.714,0.654,100.0,apo,-,-,2.2,2004-04-27,Crystal structure of E.coli uridine phosphorylase at 2.2 A resolution (Type-A Native),REJECTED_SITE_NOT_PRESENT_LT_80PCT_MATCHED,RCSB:1t0u@2004-04-27|UNP:P12758|LIG:1u1c:BAU|RULE:10.1021/acs.jcim.5b00078-pK|BUILD:2026-09-11
1v4t,1v4s,MRK,SOLE_NON_ADDITIVE_CANDIDATE,C14H12FN5OS2,P35557,A,A,19.308,7.722,119,123,0.967,9.504,100.0,apo,SO4;NA,-,3.4,2004-03-30,Crystal structure of human glucokinase,REJECTED_FOLD_MISMATCH_CA_RMSD_GT_3A,RCSB:1v4t@2004-03-30|UNP:P35557|LIG:1v4s:MRK|RULE:10.1021/acs.jcim.5b00078-pK|BUILD:2026-09-11
2chm,1xm6,5RM,SOLE_NON_ADDITIVE_CANDIDATE,C14H19NO4,Q07343,A,A,10.292,3.493,56,113,0.496,3.712,38.34,non-apo,ZN;MG;3P4;MES,3P4,1.6,2006-06-08,Crystal structure of N2 substituted pyrazolo pyrimidinones - a flipped binding mode in PDE5,REJECTED_FOLD_MISMATCH_CA_RMSD_GT_3A,RCSB:2chm@2006-06-08|UNP:Q07343|LIG:1xm6:5RM|RULE:10.1021/acs.jcim.5b00078-pK|BUILD:2026-09-11
1jbu,1ygc,905,SOLE_NON_ADDITIVE_CANDIDATE,C25H28FN5O6S,P08709,H,H,17.649,6.154,134,148,0.905,3.984,100.0,apo,SO4;BEN,-,2.0,2001-07-11,Coagulation Factor VII Zymogen (EGF2/Protease) in Complex with Inhibitory Exosite Peptide A-183,REJECTED_FOLD_MISMATCH_CA_RMSD_GT_3A,RCSB:1jbu@2001-07-11|UNP:P08709|LIG:1ygc:905|RULE:10.1021/acs.jcim.5b00078-pK|BUILD:2026-09-11
1jky,1yqy,915,SOLE_NON_ADDITIVE_CANDIDATE,C14H19FN2O5S,P15917,A,A,8.607,2.981,125,125,1.0,3.664,99.24,apo,-,-,3.9,2001-11-07,Crystal Structure of the Anthrax Lethal Factor (LF): Wild-type LF Complexed with the N-terminal Sequence of MA,REJECTED_FOLD_MISMATCH_CA_RMSD_GT_3A,RCSB:1jky@2001-11-07|UNP:P15917|LIG:1yqy:915|RULE:10.1021/acs.jcim.5b00078-pK|BUILD:2026-09-11
1pwu,1yqy,915,SOLE_NON_ADDITIVE_CANDIDATE,C14H19FN2O5S,P15917,A,B,5.333,2.207,118,125,0.944,3.159,99.04,non-apo,ZN;GM6,GM6,2.7,2004-02-03,Crystal Structure of Anthrax Lethal Factor complexed with (3-(N-hydroxycarboxamido)-2-isobutylpropanoyl-Trp-me,REJECTED_FOLD_MISMATCH_CA_RMSD_GT_3A,RCSB:1pwu@2004-02-03|UNP:P15917|LIG:1yqy:915|RULE:10.1021/acs.jcim.5b00078-pK|BUILD:2026-09-11
1zxv,1yqy,915,SOLE_NON_ADDITIVE_CANDIDATE,C14H19FN2O5S,P15917,A,,,,,125,,,,non-apo,MFM;ZN,MFM,2.67,2005-07-05,X-Ray Crystal Structure of the Anthrax Lethal Factor Bound to a Small Molecule Inhibitor; BI-MFM3; 3-{5-[5-(4-,REJECTED_NO_MATCHING_CHAIN,RCSB:1zxv@2005-07-05|UNP:P15917|LIG:1yqy:915|RULE:10.1021/acs.jcim.5b00078-pK|BUILD:2026-09-11
1d0x,1yv3,BIT,NAME_MATCH_PAPER,C18H16N2O2,P08799,A,A,7.44,1.945,131,131,1.0,3.69,99.74,non-apo,MG;MNQ,MNQ,2.0,2000-01-12,DICTYOSTELIUM MYOSIN S1DC (MOTOR DOMAIN FRAGMENT) COMPLEXED WITH M-NITROPHENYL AMINOETHYLDIPHOSPHATE BERYLLIUM,REJECTED_FOLD_MISMATCH_CA_RMSD_GT_3A,RCSB:1d0x@2000-01-12|UNP:P08799|LIG:1yv3:BIT|RULE:10.1021/acs.jcim.5b00078-pK|BUILD:2026-09-11
1d0y,1yv3,BIT,NAME_MATCH_PAPER,C18H16N2O2,P08799,A,A,7.394,2.04,131,131,1.0,3.687,99.74,non-apo,MG;ONP,ONP,2.0,2000-01-12,DICTYOSTELIUM MYOSIN S1DC (MOTOR DOMAIN FRAGMENT) COMPLEXED WITH O-NITROPHENYL AMINOETHYLDIPHOSPHATE BERYLLIUM,REJECTED_FOLD_MISMATCH_CA_RMSD_GT_3A,RCSB:1d0y@2000-01-12|UNP:P08799|LIG:1yv3:BIT|RULE:10.1021/acs.jcim.5b00078-pK|BUILD:2026-09-11
1d0z,1yv3,BIT,NAME_MATCH_PAPER,C18H16N2O2,P08799,A,A,6.237,1.976,131,131,1.0,3.703,99.74,non-apo,PNQ;MG,PNQ,2.0,2000-01-12,DICTYOSTELIUM MYOSIN S1DC (MOTOR DOMAIN FRAGMENT) COMPLEXED WITH P-NITROPHENYL AMINOETHYLDIPHOSPHATE BERYLLIUM,REJECTED_FOLD_MISMATCH_CA_RMSD_GT_3A,RCSB:1d0z@2000-01-12|UNP:P08799|LIG:1yv3:BIT|RULE:10.1021/acs.jcim.5b00078-pK|BUILD:2026-09-11
1d1a,1yv3,BIT,NAME_MATCH_PAPER,C18H16N2O2,P08799,A,A,6.185,1.944,131,131,1.0,3.738,99.74,non-apo,MG;DAE,DAE,2.0,2000-01-12,DICTYOSTELIUM MYOSIN S1DC (MOTOR DOMAIN FRAGMENT) COMPLEXED WITH O;P-DINITROPHENYL AMINOETHYLDIPHOSPHATE BERYL,REJECTED_FOLD_MISMATCH_CA_RMSD_GT_3A,RCSB:1d1a@2000-01-12|UNP:P08799|LIG:1yv3:BIT|RULE:10.1021/acs.jcim.5b00078-pK|BUILD:2026-09-11
1d1b,1yv3,BIT,NAME_MATCH_PAPER,C18H16N2O2,P08799,A,A,7.441,1.92,131,131,1.0,3.649,99.74,non-apo,MG;DAQ,DAQ,2.0,2000-01-12,DICTYOSTELIUM MYOSIN S1DC (MOTOR DOMAIN FRAGMENT) COMPLEXED WITH O;P-DINITROPHENYL AMINOPROPYLDIPHOSPHATE BERY,REJECTED_FOLD_MISMATCH_CA_RMSD_GT_3A,RCSB:1d1b@2000-01-12|UNP:P08799|LIG:1yv3:BIT|RULE:10.1021/acs.jcim.5b00078-pK|BUILD:2026-09-11
1d1c,1yv3,BIT,NAME_MATCH_PAPER,C18H16N2O2,P08799,A,A,7.401,1.982,131,131,1.0,3.69,99.74,non-apo,MG;NMQ,NMQ,2.3,2000-01-12,DICTYOSTELIUM MYOSIN S1DC (MOTOR DOMAIN FRAGMENT) COMPLEXED WITH N-METHYL-O-NITROPHENYL AMINOETHYLDIPHOSPHATE ,REJECTED_FOLD_MISMATCH_CA_RMSD_GT_3A,RCSB:1d1c@2000-01-12|UNP:P08799|LIG:1yv3:BIT|RULE:10.1021/acs.jcim.5b00078-pK|BUILD:2026-09-11
1fmv,1yv3,BIT,NAME_MATCH_PAPER,C18H16N2O2,P08799,A,A,7.756,2.005,131,131,1.0,3.761,99.61,apo,CL,-,2.1,2000-11-22,CRYSTAL STRUCTURE OF THE APO MOTOR DOMAIN OF DICTYOSTELLIUM MYOSIN II,REJECTED_FOLD_MISMATCH_CA_RMSD_GT_3A,RCSB:1fmv@2000-11-22|UNP:P08799|LIG:1yv3:BIT|RULE:10.1021/acs.jcim.5b00078-pK|BUILD:2026-09-11
1fmw,1yv3,BIT,NAME_MATCH_PAPER,C18H16N2O2,P08799,A,A,7.347,1.913,131,131,1.0,3.685,99.61,non-apo,MG;ATP,ATP,2.15,2000-11-22,CRYSTAL STRUCTURE OF THE MGATP COMPLEX FOR THE MOTOR DOMAIN OF DICTYOSTELIUM MYOSIN II,REJECTED_FOLD_MISMATCH_CA_RMSD_GT_3A,RCSB:1fmw@2000-11-22|UNP:P08799|LIG:1yv3:BIT|RULE:10.1021/acs.jcim.5b00078-pK|BUILD:2026-09-11
1g8x,1yv3,BIT,NAME_MATCH_PAPER,C18H16N2O2,P08799,A,A,5.948,1.928,128,131,0.977,3.809,98.95,non-apo,MG;ADP,ADP,2.8,2001-01-17,STRUCTURE OF A GENETICALLY ENGINEERED MOLECULAR MOTOR,REJECTED_FOLD_MISMATCH_CA_RMSD_GT_3A,RCSB:1g8x@2001-01-17|UNP:P08799|LIG:1yv3:BIT|RULE:10.1021/acs.jcim.5b00078-pK|BUILD:2026-09-11
1jwy,1yv3,BIT,NAME_MATCH_PAPER,C18H16N2O2,P08799,A,A,5.861,1.908,131,131,1.0,3.318,99.87,non-apo,BGC;MG;ADP;GDP,BGC;ADP;GDP,2.3,2001-11-07,CRYSTAL STRUCTURE OF THE DYNAMIN A GTPASE DOMAIN COMPLEXED WITH GDP; DETERMINED AS MYOSIN FUSION,REJECTED_FOLD_MISMATCH_CA_RMSD_GT_3A,RCSB:1jwy@2001-11-07|UNP:P08799|LIG:1yv3:BIT|RULE:10.1021/acs.jcim.5b00078-pK|BUILD:2026-09-11
1jx2,1yv3,BIT,NAME_MATCH_PAPER,C18H16N2O2,P08799,A,A,5.745,1.902,131,131,1.0,3.32,99.87,non-apo,BGC;MG;ADP,BGC;ADP,2.3,2001-11-07,CRYSTAL STRUCTURE OF THE NUCLEOTIDE-FREE DYNAMIN A GTPASE DOMAIN; DETERMINED AS MYOSIN FUSION,REJECTED_FOLD_MISMATCH_CA_RMSD_GT_3A,RCSB:1jx2@2001-11-07|UNP:P08799|LIG:1yv3:BIT|RULE:10.1021/acs.jcim.5b00078-pK|BUILD:2026-09-11
1lvk,1yv3,BIT,NAME_MATCH_PAPER,C18H16N2O2,P08799,A,A,7.524,2.012,131,131,1.0,3.661,98.29,non-apo,BEF;MNT;MG,MNT,1.9,1998-01-28,X-RAY CRYSTAL STRUCTURE OF THE MG (DOT) 2'(3')-O-(N-METHYLANTHRANILOYL) NUCLEOTIDE BOUND TO DICTYOSTELIUM DISC,REJECTED_FOLD_MISMATCH_CA_RMSD_GT_3A,RCSB:1lvk@1998-01-28|UNP:P08799|LIG:1yv3:BIT|RULE:10.1021/acs.jcim.5b00078-pK|BUILD:2026-09-11
1mma,1yv3,BIT,NAME_MATCH_PAPER,C18H16N2O2,P08799,A,A,6.167,1.816,131,131,1.0,3.176,99.48,non-apo,ADP;MG,ADP,2.1,1997-12-03,X-RAY STRUCTURES OF THE MGADP; MGATPGAMMAS; AND MGAMPPNP COMPLEXES OF THE DICTYOSTELIUM DISCOIDEUM MYOSIN MOTO,REJECTED_FOLD_MISMATCH_CA_RMSD_GT_3A,RCSB:1mma@1997-12-03|UNP:P08799|LIG:1yv3:BIT|RULE:10.1021/acs.jcim.5b00078-pK|BUILD:2026-09-11
1mmd,1yv3,BIT,NAME_MATCH_PAPER,C18H16N2O2,P08799,A,A,5.025,1.783,131,131,1.0,3.693,98.95,non-apo,BEF;ADP;MG,ADP,2.0,1996-08-17,TRUNCATED HEAD OF MYOSIN FROM DICTYOSTELIUM DISCOIDEUM COMPLEXED WITH MGADP-BEF3,REJECTED_FOLD_MISMATCH_CA_RMSD_GT_3A,RCSB:1mmd@1996-08-17|UNP:P08799|LIG:1yv3:BIT|RULE:10.1021/acs.jcim.5b00078-pK|BUILD:2026-09-11
1mmg,1yv3,BIT,NAME_MATCH_PAPER,C18H16N2O2,P08799,A,A,6.102,1.912,131,131,1.0,3.661,98.43,non-apo,AGS;MG,AGS,2.1,1997-12-03,X-RAY STRUCTURES OF THE MGADP; MGATPGAMMAS; AND MGAMPPNP COMPLEXES OF THE DICTYOSTELIUM DISCOIDEUM MYOSIN MOTO,REJECTED_FOLD_MISMATCH_CA_RMSD_GT_3A,RCSB:1mmg@1997-12-03|UNP:P08799|LIG:1yv3:BIT|RULE:10.1021/acs.jcim.5b00078-pK|BUILD:2026-09-11
1mmn,1yv3,BIT,NAME_MATCH_PAPER,C18H16N2O2,P08799,A,A,7.423,1.908,131,131,1.0,3.677,98.82,non-apo,ANP;MG,ANP,2.1,1997-12-03,X-RAY STRUCTURES OF THE MGADP; MGATPGAMMAS; AND MGAMPPNP COMPLEXES OF THE DICTYOSTELIUM DISCOIDEUM MYOSIN MOTO,REJECTED_FOLD_MISMATCH_CA_RMSD_GT_3A,RCSB:1mmn@1997-12-03|UNP:P08799|LIG:1yv3:BIT|RULE:10.1021/acs.jcim.5b00078-pK|BUILD:2026-09-11
1mne,1yv3,BIT,NAME_MATCH_PAPER,C18H16N2O2,P08799,A,A,5.493,1.844,130,131,0.992,3.705,98.95,non-apo,POP;MG,POP,2.7,1996-08-17,TRUNCATED HEAD OF MYOSIN FROM DICTYOSTELIUM DISCOIDEUM COMPLEXED WITH MG-PYROPHOSPHATE,REJECTED_FOLD_MISMATCH_CA_RMSD_GT_3A,RCSB:1mne@1996-08-17|UNP:P08799|LIG:1yv3:BIT|RULE:10.1021/acs.jcim.5b00078-pK|BUILD:2026-09-11
2aka,1yv3,BIT,NAME_MATCH_PAPER,C18H16N2O2,P08799,A,A,5.306,1.856,131,131,1.0,4.432,99.61,apo,-,-,1.9,2005-08-23,Structure of the nucleotide-free myosin II motor domain from Dictyostelium discoideum fused to the GTPase doma,REJECTED_FOLD_MISMATCH_CA_RMSD_GT_3A,RCSB:2aka@2005-08-23|UNP:P08799|LIG:1yv3:BIT|RULE:10.1021/acs.jcim.5b00078-pK|BUILD:2026-09-11
2c2l,2bsm,BSM,SOLE_NON_ADDITIVE_CANDIDATE,C19H18ClN3O4,P07900,A,,,,,125,,,,apo,SO4;NI,-,3.3,2005-11-23,Crystal structure of the CHIP U-box E3 ubiquitin ligase,REJECTED_NO_MATCHING_CHAIN,RCSB:2c2l@2005-11-23|UNP:P07900|LIG:2bsm:BSM|RULE:10.1021/acs.jcim.5b00078-pK|BUILD:2026-09-11
2fwy,2bsm,BSM,SOLE_NON_ADDITIVE_CANDIDATE,C19H18ClN3O4,P07900,A,,,,,125,,,,non-apo,H64,H64,2.1,2006-10-03,Structure of human Hsp90-alpha bound to the potent water soluble inhibitor PU-H64,REJECTED_NO_MATCHING_CHAIN,RCSB:2fwy@2006-10-03|UNP:P07900|LIG:2bsm:BSM|RULE:10.1021/acs.jcim.5b00078-pK|BUILD:2026-09-11
2h55,2bsm,BSM,SOLE_NON_ADDITIVE_CANDIDATE,C19H18ClN3O4,P07900,A,,,,,125,,,,non-apo,DZ8,DZ8,2.0,2006-10-03,Structure of human Hsp90-alpha bound to the potent water soluble inhibitor PU-DZ8,REJECTED_NO_MATCHING_CHAIN,RCSB:2h55@2006-10-03|UNP:P07900|LIG:2bsm:BSM|RULE:10.1021/acs.jcim.5b00078-pK|BUILD:2026-09-11
